uid,label,cleaned,publish_year,sum_anathesi,sum_analipsi,sum_oristikopisi,sum_egkrisi
6226,ΔΗΜΟ ΑΡΓΟΥΣ ΟΡΕΣΤΙΚΟΥ,ΑΡΓΟΥΣ ΟΡΕΣΤΙΚΟΥ,2022,,,2852,
6195,ΔΗΜΟΣ AΓΙΟΥ ΝΙΚΟΛΑΟΥ,AΓΙΟΥ ΝΙΚΟΛΑΟΥ,2022,,63075.73,1385.08,
6001,ΔΗΜΟΣ ΑΒΔΗΡΩΝ,ΑΒΔΗΡΩΝ,2022,,,,
6002,ΔΗΜΟΣ ΑΓΑΘΟΝΗΣΙΟΥ,ΑΓΑΘΟΝΗΣΙΟΥ,2022,,,,
6003,ΔΗΜΟΣ ΑΓΙΑΣ,ΑΓΙΑΣ,2022,40119.26,110022.6,46996.01,
6004,ΔΗΜΟΣ ΑΓΙΑΣ ΒΑΡΒΑΡΑΣ,ΑΓΙΑΣ ΒΑΡΒΑΡΑΣ,2022,3453.4,,,
6005,ΔΗΜΟΣ ΑΓΙΑΣ ΠΑΡΑΣΚΕΥΗΣ,ΑΓΙΑΣ ΠΑΡΑΣΚΕΥΗΣ,2022,,,,
6006,ΔΗΜΟΣ ΑΓΙΟΥ ΒΑΣΙΛΕΙΟΥ,ΑΓΙΟΥ ΒΑΣΙΛΕΙΟΥ,2022,17049.6,72569.04,16995.94,2341690.57
6007,ΔΗΜΟΣ ΑΓΙΟΥ ΔΗΜΗΤΡΙΟΥ,ΑΓΙΟΥ ΔΗΜΗΤΡΙΟΥ,2022,18973.24,,,
6008,ΔΗΜΟΣ ΑΓΙΟΥ ΕΥΣΤΡΑΤΙΟΥ,ΑΓΙΟΥ ΕΥΣΤΡΑΤΙΟΥ,2022,124,,163.68,
6009,ΔΗΜΟΣ ΑΓΙΩΝ ΑΝΑΡΓΥΡΩΝ - ΚΑΜΑΤΕΡΟΥ,ΑΓΙΩΝ ΑΝΑΡΓΥΡΩΝ-ΚΑΜΑΤΕΡΟΥ,2022,,25569.44,490.56,
6010,ΔΗΜΟΣ ΑΓΚΙΣΤΡΙΟΥ,ΑΓΚΙΣΤΡΙΟΥ,2022,,,,
6011,ΔΗΜΟΣ ΑΓΡΑΦΩΝ,ΑΓΡΑΦΩΝ,2022,36726.32,71601.67,70937.75,
6012,ΔΗΜΟΣ ΑΓΡΙΝΙΟΥ,ΑΓΡΙΝΙΟΥ,2022,,61600.4,23707.05,
6013,ΔΗΜΟΣ ΑΘΗΝΑΙΩΝ,ΑΘΗΝΑΙΩΝ,2022,,156915.76,,
6014,ΔΗΜΟΣ ΑΙΓΑΛΕΩ,ΑΙΓΑΛΕΩ,2022,,,10626.8,
6015,ΔΗΜΟΣ ΑΙΓΙΑΛΕΙΑΣ,ΑΙΓΙΑΛΕΙΑΣ,2022,951.33,68888.25,19964,
6016,ΔΗΜΟΣ ΑΙΓΙΝΑΣ,ΑΙΓΙΝΑΣ,2022,16452.87,,5043.08,
6017,ΔΗΜΟΣ ΑΚΤΙΟΥ - ΒΟΝΙΤΣΑΣ,ΑΚΤΙΟΥ-ΒΟΝΙΤΣΑΣ,2022,,,26976.46,
6018,ΔΗΜΟΣ ΑΛΕΞΑΝΔΡΕΙΑΣ,ΑΛΕΞΑΝΔΡΕΙΑΣ,2022,,,,
6019,ΔΗΜΟΣ ΑΛΕΞΑΝΔΡΟΥΠΟΛΗΣ,ΑΛΕΞΑΝΔΡΟΥΠΟΛΗΣ,2022,8169.9,,38053.9,
6020,ΔΗΜΟΣ ΑΛΙΑΡΤΟΥ,ΑΛΙΑΡΤΟΥ,2022,12439.68,6451.1,6450.48,
6021,ΔΗΜΟΣ ΑΛΙΜΟΥ,ΑΛΙΜΟΥ,2022,24800,7368.4,55.8,
6022,ΔΗΜΟΣ ΑΛΜΥΡΟΥ,ΑΛΜΥΡΟΥ,2022,,299.8,88394.03,
6023,ΔΗΜΟΣ ΑΛΜΩΠΙΑΣ,ΑΛΜΩΠΙΑΣ,2022,,122381.12,944.54,
6024,ΔΗΜΟΣ ΑΛΟΝΝΗΣΟΥ,ΑΛΟΝΝΗΣΟΥ,2022,,3720,410.44,
6025,ΔΗΜΟΣ ΑΜΑΡΙΟΥ,ΑΜΑΡΙΟΥ,2022,,1700,,
6026,ΔΗΜΟΣ ΑΜΑΡΟΥΣΙΟΥ,ΑΜΑΡΟΥΣΙΟΥ,2022,9820.8,,,
6027,ΔΗΜΟΣ ΑΜΟΡΓΟΥ,ΑΜΟΡΓΟΥ,2022,16120,,,
6028,ΔΗΜΟΣ ΑΜΠΕΛΟΚΗΠΩΝ - ΜΕΝΕΜΕΝΗΣ,ΑΜΠΕΛΟΚΗΠΩΝ-ΜΕΝΕΜΕΝΗΣ,2022,,,,
6029,ΔΗΜΟΣ ΑΜΥΝΤΑΙΟΥ,ΑΜΥΝΤΑΙΟΥ,2022,34.99,,,
6030,ΔΗΜΟΣ ΑΜΦΙΚΛΕΙΑΣ - ΕΛΑΤΕΙΑΣ,ΑΜΦΙΚΛΕΙΑΣ-ΕΛΑΤΕΙΑΣ,2022,,,3370.41,
6031,ΔΗΜΟΣ ΑΜΦΙΛΟΧΙΑΣ,ΑΜΦΙΛΟΧΙΑΣ,2022,,45868.7,,
6032,ΔΗΜΟΣ ΑΜΦΙΠΟΛΗΣ,ΑΜΦΙΠΟΛΗΣ,2022,148618862.6,,10608.2,
6033,ΔΗΜΟΣ ΑΝΑΤΟΛΙΚΗΣ ΜΑΝΗΣ,ΑΝΑΤΟΛΙΚΗΣ ΜΑΝΗΣ,2022,,143969.44,2310,
100049544,ΔΗΜΟΣ ΑΝΑΤΟΛΙΚΗΣ ΣΑΜΟΥ,ΑΝΑΤΟΛΙΚΗΣ ΣΑΜΟΥ,2022,,,,
6034,ΔΗΜΟΣ ΑΝΑΦΗΣ,ΑΝΑΦΗΣ,2022,,,,
6035,ΔΗΜΟΣ ΑΝΔΡΑΒΙΔΑΣ - ΚΥΛΛΗΝΗΣ,ΑΝΔΡΑΒΙΔΑΣ-ΚΥΛΛΗΝΗΣ,2022,8864.1,19786.87,,
6036,ΔΗΜΟΣ ΑΝΔΡΙΤΣΑΙΝΑΣ - ΚΡΕΣΤΕΝΩΝ,ΑΝΔΡΙΤΣΑΙΝΑΣ-ΚΡΕΣΤΕΝΩΝ,2022,,9266.69,20,
6037,ΔΗΜΟΣ ΑΝΔΡΟΥ,ΑΝΔΡΟΥ,2022,19100,,,
6038,ΔΗΜΟΣ ΑΝΤΙΠΑΡΟΥ,ΑΝΤΙΠΑΡΟΥ,2022,,-3656.52,,
6039,ΔΗΜΟΣ ΑΝΩΓΕΙΩΝ,ΑΝΩΓΕΙΩΝ,2022,11400,11400,11398.76,
6040,ΔΗΜΟΣ ΑΠΟΚΟΡΩΝΟΥ,ΑΠΟΚΟΡΩΝΟΥ,2022,,1487.2,,
6041,ΔΗΜΟΣ ΑΡΓΙΘΕΑΣ,ΑΡΓΙΘΕΑΣ,2022,,3000,2999.99,
100049102,ΔΗΜΟΣ ΑΡΓΟΣΤΟΛΙΟΥ,ΑΡΓΟΣΤΟΛΙΟΥ,2022,56762.69,,114437.12,
6042,ΔΗΜΟΣ ΑΡΓΟΥΣ - ΜΥΚΗΝΩΝ,ΑΡΓΟΥΣ-ΜΥΚΗΝΩΝ,2022,132781.52,42373.88,,
6043,ΔΗΜΟΣ ΑΡΙΣΤΟΤΕΛΗ,ΑΡΙΣΤΟΤΕΛΗ,2022,,-36986.78,,
6044,ΔΗΜΟΣ ΑΡΡΙΑΝΩΝ,ΑΡΡΙΑΝΩΝ,2022,,,2242.18,
6045,ΔΗΜΟΣ ΑΡΤΑΙΩΝ,ΑΡΤΑΙΩΝ,2022,1010462.71,48399.83,37924.51,
6046,ΔΗΜΟΣ ΑΡΧΑΙΑΣ ΟΛΥΜΠΙΑΣ,ΑΡΧΑΙΑΣ ΟΛΥΜΠΙΑΣ,2022,26880,,23364.18,
6047,ΔΗΜΟΣ ΑΡΧΑΝΩΝ - ΑΣΤΕΡΟΥΣΙΩΝ,ΑΡΧΑΝΩΝ-ΑΣΤΕΡΟΥΣΙΩΝ,2022,,25028.53,,
6048,ΔΗΜΟΣ ΑΣΠΡΟΠΥΡΓΟΥ,ΑΣΠΡΟΠΥΡΓΟΥ,2022,,112077.65,,
6049,ΔΗΜΟΣ ΑΣΤΥΠΑΛΑΙΑΣ,ΑΣΤΥΠΑΛΑΙΑΣ,2022,,,24,
6050,ΔΗΜΟΣ ΑΧΑΡΝΩΝ,ΑΧΑΡΝΩΝ,2022,,-376.41,,
6051,ΔΗΜΟΣ ΒΑΡΗΣ - ΒΟΥΛΑΣ - ΒΟΥΛΙΑΓΜΕΝΗΣ,ΒΑΡΗΣ-ΒΟΥΛΑΣ-ΒΟΥΛΙΑΓΜΕΝΗΣ,2022,,,,
100048875,ΔΗΜΟΣ ΒΕΛΒΕΝΤΟΥ,ΒΕΛΒΕΝΤΟΥ,2022,,,,
6052,ΔΗΜΟΣ ΒΕΛΟΥ - ΒΟΧΑΣ,ΒΕΛΟΥ-ΒΟΧΑΣ,2022,48974.6,,,
6053,ΔΗΜΟΣ ΒΕΡΟΙΑΣ,ΒΕΡΟΙΑΣ,2022,746846.36,,9424,
6054,ΔΗΜΟΣ ΒΙΑΝΝΟΥ,ΒΙΑΝΝΟΥ,2022,,,,
6055,ΔΗΜΟΣ ΒΙΣΑΛΤΙΑΣ,ΒΙΣΑΛΤΙΑΣ,2022,,68387.74,,
6056,ΔΗΜΟΣ ΒΟΙΟΥ,ΒΟΙΟΥ,2022,,,,
6057,ΔΗΜΟΣ ΒΟΛΒΗΣ,ΒΟΛΒΗΣ,2022,47160.92,,,
6058,ΔΗΜΟΣ ΒΟΛΟΥ,ΒΟΛΟΥ,2022,355.63,411692.31,38529.03,
100049339,ΔΗΜΟΣ ΒΟΡΕΙΑΣ ΚΕΡΚΥΡΑΣ,ΒΟΡΕΙΑΣ ΚΕΡΚΥΡΑΣ,2022,,,,
6059,ΔΗΜΟΣ ΒΟΡΕΙΑΣ ΚΥΝΟΥΡΙΑΣ,ΒΟΡΕΙΑΣ ΚΥΝΟΥΡΙΑΣ,2022,,,,
6060,ΔΗΜΟΣ ΒΟΡΕΙΩΝ ΤΖΟΥΜΕΡΚΩΝ,ΒΟΡΕΙΩΝ ΤΖΟΥΜΕΡΚΩΝ,2022,,,640.86,
6061,ΔΗΜΟΣ ΒΡΙΛΗΣΣΙΩΝ,ΒΡΙΛΗΣΣΙΩΝ,2022,,,,
6062,ΔΗΜΟΣ ΒΥΡΩΝΟΣ,ΒΥΡΩΝΟΣ,2022,24513.56,600,,
6063,ΔΗΜΟΣ ΓΑΛΑΤΣΙΟΥ,ΓΑΛΑΤΣΙΟΥ,2022,4135,3626.74,1142.17,
6064,ΔΗΜΟΣ ΓΑΥΔΟΥ,ΓΑΥΔΟΥ,2022,,,,
6065,ΔΗΜΟΣ ΓΕΩΡΓΙΟΥ ΚΑΡΑΙΣΚΑΚΗ,ΓΕΩΡΓΙΟΥ ΚΑΡΑΙΣΚΑΚΗ,2022,1971.6,,,
6066,ΔΗΜΟΣ ΓΛΥΦΑΔΑΣ,ΓΛΥΦΑΔΑΣ,2022,,821392.37,181480.2,
6067,ΔΗΜΟΣ ΓΟΡΤΥΝΑΣ,ΓΟΡΤΥΝΑΣ,2022,,78692.72,,
6068,ΔΗΜΟΣ ΓΟΡΤΥΝΙΑΣ,ΓΟΡΤΥΝΙΑΣ,2022,,,,
6069,ΔΗΜΟΣ ΓΡΕΒΕΝΩΝ,ΓΡΕΒΕΝΩΝ,2022,533.2,,,
6070,ΔΗΜΟΣ ΔΑΦΝΗΣ - ΥΜΗΤΤΟΥ,ΔΑΦΝΗΣ-ΥΜΗΤΤΟΥ,2022,,71919.42,4826.7,
6071,ΔΗΜΟΣ ΔΕΛΤΑ,ΔΕΛΤΑ,2022,,,,
6072,ΔΗΜΟΣ ΔΕΛΦΩΝ,ΔΕΛΦΩΝ,2022,,985.8,,
6073,ΔΗΜΟΣ ΔΕΣΚΑΤΗΣ,ΔΕΣΚΑΤΗΣ,2022,,,20594.75,
6074,ΔΗΜΟΣ ΔΙΔΥΜΟΤΕΙΧΟΥ,ΔΙΔΥΜΟΤΕΙΧΟΥ,2022,,,,
6075,ΔΗΜΟΣ ΔΙΟΝΥΣΟΥ,ΔΙΟΝΥΣΟΥ,2022,,,,
6076,ΔΗΜΟΣ ΔΙΟΥ - ΟΛΥΜΠΟΥ,ΔΙΟΥ-ΟΛΥΜΠΟΥ,2022,,,2418,
6077,ΔΗΜΟΣ ΔΙΡΦΥΩΝ - ΜΕΣΣΑΠΙΩΝ,ΔΙΡΦΥΩΝ-ΜΕΣΣΑΠΙΩΝ,2022,79858.75,183770.45,75650.3,
6078,ΔΗΜΟΣ ΔΙΣΤΟΜΟΥ-ΑΡΑΧΟΒΑΣ - ΑΝΤΙΚΥΡΑΣ,ΔΙΣΤΟΜΟΥ-ΑΡΑΧΟΒΑΣ-ΑΝΤΙΚΥΡΑΣ,2022,,,,
6079,ΔΗΜΟΣ ΔΟΜΟΚΟΥ,ΔΟΜΟΚΟΥ,2022,,,,
6080,ΔΗΜΟΣ ΔΟΞΑΤΟΥ,ΔΟΞΑΤΟΥ,2022,25969.32,80215.44,8911.88,
6081,ΔΗΜΟΣ ΔΡΑΜΑΣ,ΔΡΑΜΑΣ,2022,7659.11,21748.6,,
6082,ΔΗΜΟΣ ΔΥΤΙΚΗΣ ΑΧΑΙΑΣ,ΔΥΤΙΚΗΣ ΑΧΑΙΑΣ,2022,,,,
100049040,ΔΗΜΟΣ ΔΥΤΙΚΗΣ ΛΕΣΒΟΥ,ΔΥΤΙΚΗΣ ΛΕΣΒΟΥ,2022,,,,
6083,ΔΗΜΟΣ ΔΥΤΙΚΗΣ ΜΑΝΗΣ,ΔΥΤΙΚΗΣ ΜΑΝΗΣ,2022,,,,
100049554,ΔΗΜΟΣ ΔΥΤΙΚΗΣ ΣΑΜΟΥ,ΔΥΤΙΚΗΣ ΣΑΜΟΥ,2022,,,,
6084,ΔΗΜΟΣ ΔΩΔΩΝΗΣ,ΔΩΔΩΝΗΣ,2022,,,,
6085,ΔΗΜΟΣ ΔΩΡΙΔΟΣ,ΔΩΡΙΔΟΣ,2022,,23995.93,23995.93,
6086,ΔΗΜΟΣ ΕΔΕΣΣΑΣ,ΕΔΕΣΣΑΣ,2022,2499.84,,21809.53,
6087,ΔΗΜΟΣ ΕΛΑΣΣΟΝΑΣ,ΕΛΑΣΣΟΝΑΣ,2022,,,,
6088,ΔΗΜΟΣ ΕΛΑΦΟΝΗΣΟΥ,ΕΛΑΦΟΝΗΣΟΥ,2022,,,,
6089,ΔΗΜΟΣ ΕΛΕΥΣΙΝΑΣ,ΕΛΕΥΣΙΝΑΣ,2022,,,16368,
6090,ΔΗΜΟΣ ΕΛΛΗΝΙΚΟΥ - ΑΡΓΥΡΟΥΠΟΛΗΣ,ΕΛΛΗΝΙΚΟΥ-ΑΡΓΥΡΟΥΠΟΛΗΣ,2022,,,248,
6091,ΔΗΜΟΣ ΕΜΜΑΝΟΥΗΛ ΠΑΠΠΑ,ΕΜΜΑΝΟΥΗΛ ΠΑΠΠΑ,2022,,,,
6092,ΔΗΜΟΣ ΕΟΡΔΑΙΑΣ,ΕΟΡΔΑΙΑΣ,2022,2028.64,893841.1,,
6093,ΔΗΜΟΣ ΕΠΙΔΑΥΡΟΥ,ΕΠΙΔΑΥΡΟΥ,2022,,,,
6094,ΔΗΜΟΣ ΕΡΕΤΡΙΑΣ,ΕΡΕΤΡΙΑΣ,2022,,2658.56,,
6095,ΔΗΜΟΣ ΕΡΜΙΟΝΙΔΑΣ,ΕΡΜΙΟΝΙΔΑΣ,2022,1240,69282.29,30527.91,
6096,ΔΗΜΟΣ ΕΡΥΜΑΝΘΟΥ,ΕΡΥΜΑΝΘΟΥ,2022,29388,87924.39,13950,
6097,ΔΗΜΟΣ ΕΥΡΩΤΑ,ΕΥΡΩΤΑ,2022,280,54196.4,5953.05,
6098,ΔΗΜΟΣ ΖΑΓΟΡΑΣ - ΜΟΥΡΕΣΙΟΥ,ΖΑΓΟΡΑΣ-ΜΟΥΡΕΣΙΟΥ,2022,20700,20700,,
6099,ΔΗΜΟΣ ΖΑΓΟΡΙΟΥ,ΖΑΓΟΡΙΟΥ,2022,,5042.4,9988.2,
6100,ΔΗΜΟΣ ΖΑΚΥΝΘΟΥ,ΖΑΚΥΝΘΟΥ,2022,843.2,119260,,
6101,ΔΗΜΟΣ ΖΑΧΑΡΩΣ,ΖΑΧΑΡΩΣ,2022,,,,
6102,ΔΗΜΟΣ ΖΗΡΟΥ,ΖΗΡΟΥ,2022,26954.25,,,
6103,ΔΗΜΟΣ ΖΙΤΣΑΣ,ΖΙΤΣΑΣ,2022,29869.74,,39250.14,
6104,ΔΗΜΟΣ ΖΩΓΡΑΦΟΥ,ΖΩΓΡΑΦΟΥ,2022,,,,
6105,ΔΗΜΟΣ ΗΓΟΥΜΕΝΙΤΣΑΣ,ΗΓΟΥΜΕΝΙΤΣΑΣ,2022,,32730.4,2108.04,
6106,ΔΗΜΟΣ ΗΛΙΔΑΣ,ΗΛΙΔΑΣ,2022,,110000,,
6107,ΔΗΜΟΣ ΗΛΙΟΥΠΟΛΗΣ,ΗΛΙΟΥΠΟΛΗΣ,2022,,265985.71,68994.25,
6108,ΔΗΜΟΣ ΗΡΑΚΛΕΙΑΣ,ΗΡΑΚΛΕΙΑΣ,2022,,,,
6109,ΔΗΜΟΣ ΗΡΑΚΛΕΙΟΥ,ΗΡΑΚΛΕΙΟΥ,2022,,60863.28,22453.87,
6325,ΔΗΜΟΣ ΗΡΑΚΛΕΙΟΥ (ΚΡΗΤΗΣ),ΗΡΑΚΛΕΙΟΥ (ΚΡΗΤΗΣ),2022,7440,,75.9,
6110,ΔΗΜΟΣ ΘΑΣΟΥ,ΘΑΣΟΥ,2022,992,941.16,,
6111,ΔΗΜΟΣ ΘΕΡΜΑΙΚΟΥ,ΘΕΡΜΑΙΚΟΥ,2022,,69719.3,,
6112,ΔΗΜΟΣ ΘΕΡΜΗΣ,ΘΕΡΜΗΣ,2022,,287787.04,18365.34,
6113,ΔΗΜΟΣ ΘΕΡΜΟΥ,ΘΕΡΜΟΥ,2022,,,,
6114,ΔΗΜΟΣ ΘΕΣΣΑΛΟΝΙΚΗΣ,ΘΕΣΣΑΛΟΝΙΚΗΣ,2022,742671.47,,40188.4,
6115,ΔΗΜΟΣ ΘΗΒΑΙΩΝ,ΘΗΒΑΙΩΝ,2022,1040,,,
6116,ΔΗΜΟΣ ΘΗΡΑΣ,ΘΗΡΑΣ,2022,,,,
6117,ΔΗΜΟΣ ΙΑΣΜΟΥ,ΙΑΣΜΟΥ,2022,,9999.81,9999.81,
6118,ΔΗΜΟΣ ΙΕΡΑΠΕΤΡΑΣ,ΙΕΡΑΠΕΤΡΑΣ,2022,,,,
6119,ΔΗΜΟΣ ΙΕΡΑΣ ΠΟΛΗΣ ΜΕΣΟΛΟΓΓΙΟΥ,ΙΕΡΑΣ ΠΟΛΗΣ ΜΕΣΟΛΟΓΓΙΟΥ,2022,,,,
6120,ΔΗΜΟΣ ΙΗΤΩΝ,ΙΗΤΩΝ,2022,,,,
6121,ΔΗΜΟΣ ΙΘΑΚΗΣ,ΙΘΑΚΗΣ,2022,,,,
6122,ΔΗΜΟΣ ΙΚΑΡΙΑΣ,ΙΚΑΡΙΑΣ,2022,,,,
6123,ΔΗΜΟΣ ΙΛΙΟΥ,ΙΛΙΟΥ,2022,,,,
6124,ΔΗΜΟΣ ΙΣΤΙΑΙΑΣ - ΑΙΔΗΨΟΥ,ΙΣΤΙΑΙΑΣ-ΑΙΔΗΨΟΥ,2022,293213.4,205076.51,,
6125,ΔΗΜΟΣ ΙΩΑΝΝΙΤΩΝ,ΙΩΑΝΝΙΤΩΝ,2022,,,,
6126,ΔΗΜΟΣ ΚΑΒΑΛΑΣ,ΚΑΒΑΛΑΣ,2022,10732.2,,,
6127,ΔΗΜΟΣ ΚΑΙΣΑΡΙΑΝΗΣ,ΚΑΙΣΑΡΙΑΝΗΣ,2022,1838.92,,,
6128,ΔΗΜΟΣ ΚΑΛΑΒΡΥΤΩΝ,ΚΑΛΑΒΡΥΤΩΝ,2022,33137,71607.62,,
6129,ΔΗΜΟΣ ΚΑΛΑΜΑΡΙΑΣ,ΚΑΛΑΜΑΡΙΑΣ,2022,13920.24,,25519.96,
6130,ΔΗΜΟΣ ΚΑΛΑΜΑΤΑΣ,ΚΑΛΑΜΑΤΑΣ,2022,17472.93,128426.81,17470.75,
6131,ΔΗΜΟΣ ΚΑΛΑΜΠΑΚΑΣ,ΚΑΛΑΜΠΑΚΑΣ,2022,,,,
6132,ΔΗΜΟΣ ΚΑΛΛΙΘΕΑΣ,ΚΑΛΛΙΘΕΑΣ,2022,,3012.45,2989.89,
6133,ΔΗΜΟΣ ΚΑΛΥΜΝΙΩΝ,ΚΑΛΥΜΝΙΩΝ,2022,,127000.01,,
6134,ΔΗΜΟΣ ΚΑΝΤΑΝΟΥ - ΣΕΛΙΝΟΥ,ΚΑΝΤΑΝΟΥ-ΣΕΛΙΝΟΥ,2022,,57139.2,37941.52,
6135,ΔΗΜΟΣ ΚΑΡΔΙΤΣΑΣ,ΚΑΡΔΙΤΣΑΣ,2022,,9988.2,2948.58,
6136,ΔΗΜΟΣ ΚΑΡΠΑΘΟΥ,ΚΑΡΠΑΘΟΥ,2022,,,,
6137,ΔΗΜΟΣ ΚΑΡΠΕΝΗΣΙΟΥ,ΚΑΡΠΕΝΗΣΙΟΥ,2022,37109.54,189110.02,150,
6138,ΔΗΜΟΣ ΚΑΡΥΣΤΟΥ,ΚΑΡΥΣΤΟΥ,2022,99790.76,4000,,
6139,ΔΗΜΟΣ ΚΑΣΟΥ,ΚΑΣΟΥ,2022,,,,
6140,ΔΗΜΟΣ ΚΑΣΣΑΝΔΡΑΣ,ΚΑΣΣΑΝΔΡΑΣ,2022,2999.99,24000,46063.65,
6141,ΔΗΜΟΣ ΚΑΣΤΟΡΙΑΣ,ΚΑΣΤΟΡΙΑΣ,2022,,68296.66,16877.47,
6142,ΔΗΜΟΣ ΚΑΤΕΡΙΝΗΣ,ΚΑΤΕΡΙΝΗΣ,2022,4560,,,
6143,ΔΗΜΟΣ ΚΑΤΩ ΝΕΥΡΟΚΟΠΙΟΥ,ΚΑΤΩ ΝΕΥΡΟΚΟΠΙΟΥ,2022,4880.27,26000,5872.27,
6144,ΔΗΜΟΣ ΚΕΑΣ,ΚΕΑΣ,2022,11151,,5987.83,
100049209,ΔΗΜΟΣ ΚΕΝΤΡΙΚΗΣ ΚΕΡΚΥΡΑΣ ΚΑΙ ΔΙΑΠΟΝΤΙΩΝ ΝΗΣΩΝ,ΚΕΝΤΡΙΚΗΣ ΚΕΡΚΥΡΑΣ ΚΑΙ ΔΙΑΠΟΝΤΙΩΝ ΝΗΣΩΝ,2022,1023,,,
6145,ΔΗΜΟΣ ΚΕΝΤΡΙΚΩΝ ΤΖΟΥΜΕΡΚΩΝ,ΚΕΝΤΡΙΚΩΝ ΤΖΟΥΜΕΡΚΩΝ,2022,17790.53,28890.69,19225.91,
6146,ΔΗΜΟΣ ΚΕΡΑΤΣΙΝΙΟΥ - ΔΡΑΠΕΤΣΩΝΑΣ,ΚΕΡΑΤΣΙΝΙΟΥ-ΔΡΑΠΕΤΣΩΝΑΣ,2022,,190882.05,,
6147,ΔΗΜΟΣ ΚΕΡΚΥΡΑΣ,ΚΕΡΚΥΡΑΣ,2022,,,,
6148,ΔΗΜΟΣ ΚΕΦΑΛΟΝΙΑΣ,ΚΕΦΑΛΟΝΙΑΣ,2022,,,,
6149,ΔΗΜΟΣ ΚΗΦΙΣΙΑΣ,ΚΗΦΙΣΙΑΣ,2022,22465.08,263438.06,,
6150,ΔΗΜΟΣ ΚΙΛΕΛΕΡ,ΚΙΛΕΛΕΡ,2022,941.66,,,
6151,ΔΗΜΟΣ ΚΙΛΚΙΣ,ΚΙΛΚΙΣ,2022,,,33313.84,
6152,ΔΗΜΟΣ ΚΙΜΩΛΟΥ,ΚΙΜΩΛΟΥ,2022,,,41560.28,
6153,ΔΗΜΟΣ ΚΙΣΣΑΜΟΥ,ΚΙΣΣΑΜΟΥ,2022,,1670.9,50055.4,
6154,ΔΗΜΟΣ ΚΟΖΑΝΗΣ,ΚΟΖΑΝΗΣ,2022,,,,
6155,ΔΗΜΟΣ ΚΟΜΟΤΗΝΗΣ,ΚΟΜΟΤΗΝΗΣ,2022,979.6,,979.6,
6156,ΔΗΜΟΣ ΚΟΝΙΤΣΑΣ,ΚΟΝΙΤΣΑΣ,2022,,,,
6157,ΔΗΜΟΣ ΚΟΡΔΕΛΙΟΥ - ΕΥΟΣΜΟΥ,ΚΟΡΔΕΛΙΟΥ-ΕΥΟΣΜΟΥ,2022,,,,
6158,ΔΗΜΟΣ ΚΟΡΙΝΘΙΩΝ,ΚΟΡΙΝΘΙΩΝ,2022,,,1822.95,
6159,ΔΗΜΟΣ ΚΟΡΥΔΑΛΛΟΥ,ΚΟΡΥΔΑΛΛΟΥ,2022,371253.42,167360,10266.4,
6160,ΔΗΜΟΣ ΚΡΩΠΙΑΣ,ΚΡΩΠΙΑΣ,2022,,31561.85,30795.17,
6161,ΔΗΜΟΣ ΚΥΘΗΡΩΝ,ΚΥΘΗΡΩΝ,2022,,,,
6162,ΔΗΜΟΣ ΚΥΘΝΟΥ,ΚΥΘΝΟΥ,2022,2029.88,,,
6163,ΔΗΜΟΣ ΚΥΜΗΣ - ΑΛΙΒΕΡΙΟΥ,ΚΥΜΗΣ-ΑΛΙΒΕΡΙΟΥ,2022,,11000,10536.9,
6164,ΔΗΜΟΣ ΚΩ,ΚΩ,2022,,177802.23,,
6165,ΔΗΜΟΣ ΛΑΓΚΑΔΑ,ΛΑΓΚΑΔΑ,2022,,,,
6166,ΔΗΜΟΣ ΛΑΜΙΕΩΝ,ΛΑΜΙΕΩΝ,2022,,100,100,
6167,ΔΗΜΟΣ ΛΑΡΙΣΑΙΩΝ,ΛΑΡΙΣΑΙΩΝ,2022,,,,
6168,ΔΗΜΟΣ ΛΑΥΡΕΩΤΙΚΗΣ,ΛΑΥΡΕΩΤΙΚΗΣ,2022,215102.69,275950.65,,
6169,ΔΗΜΟΣ ΛΕΒΑΔΕΩΝ,ΛΕΒΑΔΕΩΝ,2022,4500,,,
6170,ΔΗΜΟΣ ΛΕΙΨΩΝ,ΛΕΙΨΩΝ,2022,,,,
6171,ΔΗΜΟΣ ΛΕΡΟΥ,ΛΕΡΟΥ,2022,,46517.59,45553.34,
6172,ΔΗΜΟΣ ΛΕΣΒΟΥ,ΛΕΣΒΟΥ,2022,,,,
6173,ΔΗΜΟΣ ΛΕΥΚΑΔΑΣ,ΛΕΥΚΑΔΑΣ,2022,5580,100953.71,,
6174,ΔΗΜΟΣ ΛΗΜΝΟΥ,ΛΗΜΝΟΥ,2022,2190.04,,98054.21,
100049127,ΔΗΜΟΣ ΛΗΞΟΥΡΙΟΥ,ΛΗΞΟΥΡΙΟΥ,2022,,,,
6175,ΔΗΜΟΣ ΛΙΜΝΗΣ ΠΛΑΣΤΗΡΑ,ΛΙΜΝΗΣ ΠΛΑΣΤΗΡΑ,2022,4413.16,20106.11,7792.16,
6176,ΔΗΜΟΣ ΛΟΚΡΩΝ,ΛΟΚΡΩΝ,2022,1625,19998.57,6897.14,
6177,ΔΗΜΟΣ ΛΟΥΤΡΑΚΙΟΥ - ΠΕΡΑΧΩΡΑΣ - ΑΓΙΩΝ ΘΕΟΔΩΡΩΝ,ΛΟΥΤΡΑΚΙΟΥ-ΠΕΡΑΧΩΡΑΣ-ΑΓΙΩΝ ΘΕΟΔΩΡΩΝ,2022,13989.68,15783.96,14725.06,
6178,ΔΗΜΟΣ ΛΥΚΟΒΡΥΣΗΣ - ΠΕΥΚΗΣ,ΛΥΚΟΒΡΥΣΗΣ-ΠΕΥΚΗΣ,2022,,,,
6179,ΔΗΜΟΣ ΜΑΚΡΑΚΩΜΗΣ,ΜΑΚΡΑΚΩΜΗΣ,2022,,2998.32,,
6180,ΔΗΜΟΣ ΜΑΛΕΒΙΖΙΟΥ,ΜΑΛΕΒΙΖΙΟΥ,2022,,93414.16,,
6181,ΔΗΜΟΣ ΜΑΝΔΡΑΣ - ΕΙΔΥΛΛΙΑΣ,ΜΑΝΔΡΑΣ-ΕΙΔΥΛΛΙΑΣ,2022,,,,
6182,ΔΗΜΟΣ ΜΑΝΤΟΥΔΙΟΥ - ΛΙΜΝΗΣ - ΑΓΙΑΣ ΑΝΝΑΣ,ΜΑΝΤΟΥΔΙΟΥ-ΛΙΜΝΗΣ-ΑΓΙΑΣ ΑΝΝΑΣ,2022,219418,,52869.46,
6183,ΔΗΜΟΣ ΜΑΡΑΘΩΝΟΣ,ΜΑΡΑΘΩΝΟΣ,2022,16678,,,
6184,ΔΗΜΟΣ ΜΑΡΚΟΠΟΥΛΟΥ ΜΕΣΟΓΑΙΑΣ,ΜΑΡΚΟΠΟΥΛΟΥ ΜΕΣΟΓΑΙΑΣ,2022,,,,
6185,ΔΗΜΟΣ ΜΑΡΩΝΕΙΑΣ - ΣΑΠΩΝ,ΜΑΡΩΝΕΙΑΣ-ΣΑΠΩΝ,2022,,,,
6186,ΔΗΜΟΣ ΜΕΓΑΛΟΠΟΛΗΣ,ΜΕΓΑΛΟΠΟΛΗΣ,2022,36623.4,35975.61,,
6187,ΔΗΜΟΣ ΜΕΓΑΝΗΣΙΟΥ,ΜΕΓΑΝΗΣΙΟΥ,2022,,,,
6188,ΔΗΜΟΣ ΜΕΓΑΡΕΩΝ,ΜΕΓΑΡΕΩΝ,2022,,,,
6189,ΔΗΜΟΣ ΜΕΓΙΣΤΗΣ,ΜΕΓΙΣΤΗΣ,2022,,,,
6190,ΔΗΜΟΣ ΜΕΣΣΗΝΗΣ,ΜΕΣΣΗΝΗΣ,2022,,,,
6191,ΔΗΜΟΣ ΜΕΤΑΜΟΡΦΩΣΗΣ,ΜΕΤΑΜΟΡΦΩΣΗΣ,2022,36952,,,
100062933,ΔΗΜΟΣ ΜΕΤΕΩΡΩΝ,ΜΕΤΕΩΡΩΝ,2022,,42000,,
6192,ΔΗΜΟΣ ΜΕΤΣΟΒΟΥ,ΜΕΤΣΟΒΟΥ,2022,,,,
6193,ΔΗΜΟΣ ΜΗΛΟΥ,ΜΗΛΟΥ,2022,,,90,
6194,ΔΗΜΟΣ ΜΙΝΩΑ ΠΕΔΙΑΔΑΣ,ΜΙΝΩΑ ΠΕΔΙΑΔΑΣ,2022,,0,69942.65,
6196,ΔΗΜΟΣ ΜΟΝΕΜΒΑΣΙΑΣ,ΜΟΝΕΜΒΑΣΙΑΣ,2022,10505.33,15868.43,,
6197,ΔΗΜΟΣ ΜΟΣΧΑΤΟΥ - ΤΑΥΡΟΥ,ΜΟΣΧΑΤΟΥ-ΤΑΥΡΟΥ,2022,,40000,,
6198,ΔΗΜΟΣ ΜΟΥΖΑΚΙΟΥ,ΜΟΥΖΑΚΙΟΥ,2022,,,,
6199,ΔΗΜΟΣ ΜΥΚΗΣ,ΜΥΚΗΣ,2022,508172.8,9760,,
6200,ΔΗΜΟΣ ΜΥΚΟΝΟΥ,ΜΥΚΟΝΟΥ,2022,23302.95,23821.52,,
6201,ΔΗΜΟΣ ΜΥΛΟΠΟΤΑΜΟΥ,ΜΥΛΟΠΟΤΑΜΟΥ,2022,,60506.92,,
100049029,ΔΗΜΟΣ ΜΥΤΙΛΗΝΗΣ,ΜΥΤΙΛΗΝΗΣ,2022,,482000,510124.51,
6202,ΔΗΜΟΣ ΜΩΛΟΥ - ΑΓ. ΚΩΝΣΤΑΝΤΙΝΟΥ,ΜΩΛΟΥ-ΑΓ. ΚΩΝΣΤΑΝΤΙΝΟΥ,2022,347.2,657.2,887.7,
6203,ΔΗΜΟΣ ΝΑΞΟΥ & ΜΙΚΡΩΝ ΚΥΚΛΑΔΩΝ,ΝΑΞΟΥ & ΜΙΚΡΩΝ ΚΥΚΛΑΔΩΝ,2022,3168.5,,,
6204,ΔΗΜΟΣ ΝΑΟΥΣΑΣ,ΝΑΟΥΣΑΣ,2022,,14996.73,,
6205,ΔΗΜΟΣ ΝΑΥΠΑΚΤΙΑΣ,ΝΑΥΠΑΚΤΙΑΣ,2022,13832.32,258543.93,56383.24,
6206,ΔΗΜΟΣ ΝΑΥΠΛΙΕΩΝ,ΝΑΥΠΛΙΕΩΝ,2022,,57597.8,,
6207,ΔΗΜΟΣ ΝΕΑΠΟΛΗΣ - ΣΥΚΕΩΝ,ΝΕΑΠΟΛΗΣ-ΣΥΚΕΩΝ,2022,29946,,29946,
6208,ΔΗΜΟΣ ΝΕΑΣ ΖΙΧΝΗΣ,ΝΕΑΣ ΖΙΧΝΗΣ,2022,6000,595.2,18000,595.2
6209,ΔΗΜΟΣ ΝΕΑΣ ΙΩΝΙΑΣ,ΝΕΑΣ ΙΩΝΙΑΣ,2022,4111.84,,,
6210,ΔΗΜΟΣ ΝΕΑΣ ΠΡΟΠΟΝΤΙΔΑΣ,ΝΕΑΣ ΠΡΟΠΟΝΤΙΔΑΣ,2022,,,85261.15,
6211,ΔΗΜΟΣ ΝΕΑΣ ΣΜΥΡΝΗΣ,ΝΕΑΣ ΣΜΥΡΝΗΣ,2022,,,,
100035023,ΔΗΜΟΣ  ΝΕΑΣ  ΦΙΛΑΔΕΛΦΕΙΑΣ - ΝΕΑΣ ΧΑΛΚΗΔΟΝΑΣ, ΝΕΑΣ  ΦΙΛΑΔΕΛΦΕΙΑΣ-ΝΕΑΣ ΧΑΛΚΗΔΟΝΑΣ,2022,19666.4,99439.96,,12400
6212,ΔΗΜΟΣ ΝΕΜΕΑΣ,ΝΕΜΕΑΣ,2022,,,,
6213,ΔΗΜΟΣ ΝΕΣΤΟΡΙΟΥ,ΝΕΣΤΟΡΙΟΥ,2022,,,,
6214,ΔΗΜΟΣ ΝΕΣΤΟΥ,ΝΕΣΤΟΥ,2022,30793.4,22000,18720.9,
6215,ΔΗΜΟΣ ΝΙΚΑΙΑΣ - ΑΓΙΟΥ Ι. ΡΕΝΤΗ,ΝΙΚΑΙΑΣ-ΑΓΙΟΥ Ι. ΡΕΝΤΗ,2022,149283.6,82407.67,,
6216,ΔΗΜΟΣ ΝΙΚΟΛΑΟΥ ΣΚΟΥΦΑ,ΝΙΚΟΛΑΟΥ ΣΚΟΥΦΑ,2022,23113.2,,34272.56,
6217,ΔΗΜΟΣ ΝΙΣΥΡΟΥ,ΝΙΣΥΡΟΥ,2022,,,,
100049235,ΔΗΜΟΣ ΝΟΤΙΑΣ ΚΕΡΚΥΡΑΣ,ΝΟΤΙΑΣ ΚΕΡΚΥΡΑΣ,2022,,49128.8,,
6218,ΔΗΜΟΣ ΝΟΤΙΑΣ ΚΥΝΟΥΡΙΑΣ,ΝΟΤΙΑΣ ΚΥΝΟΥΡΙΑΣ,2022,,,40185.31,
6219,ΔΗΜΟΣ ΝΟΤΙΟΥ ΠΗΛΙΟΥ,ΝΟΤΙΟΥ ΠΗΛΙΟΥ,2022,2017701.92,60116.03,12819.95,
6220,ΔΗΜΟΣ ΞΑΝΘΗΣ,ΞΑΝΘΗΣ,2022,,,,
6221,ΔΗΜΟΣ ΞΗΡΟΜΕΡΟΥ,ΞΗΡΟΜΕΡΟΥ,2022,,,,
6222,ΔΗΜΟΣ ΞΥΛΟΚΑΣΤΡΟΥ - ΕΥΡΩΣΤΙΝΗΣ,ΞΥΛΟΚΑΣΤΡΟΥ-ΕΥΡΩΣΤΙΝΗΣ,2022,,,,
6223,ΔΗΜΟΣ ΟΙΝΟΥΣΣΩΝ,ΟΙΝΟΥΣΣΩΝ,2022,890.37,890.37,890.37,
6224,ΔΗΜΟΣ ΟΙΧΑΛΙΑΣ,ΟΙΧΑΛΙΑΣ,2022,,,,
6225,ΔΗΜΟΣ ΟΡΕΣΤΙΑΔΑΣ,ΟΡΕΣΤΙΑΔΑΣ,2022,3555.08,,91.5,
6227,ΔΗΜΟΣ ΟΡΟΠΕΔΙΟΥ ΛΑΣΙΘΙΟΥ,ΟΡΟΠΕΔΙΟΥ ΛΑΣΙΘΙΟΥ,2022,,,18866.6,
6228,ΔΗΜΟΣ ΟΡΧΟΜΕΝΟΥ,ΟΡΧΟΜΕΝΟΥ,2022,13392,,,
6229,ΔΗΜΟΣ ΠΑΓΓΑΙΟΥ,ΠΑΓΓΑΙΟΥ,2022,8982.34,8328.16,3268.64,
6230,ΔΗΜΟΣ ΠΑΙΑΝΙΑΣ,ΠΑΙΑΝΙΑΣ,2022,,80731.24,,
6231,ΔΗΜΟΣ ΠΑΙΟΝΙΑΣ,ΠΑΙΟΝΙΑΣ,2022,,,,
6232,ΔΗΜΟΣ ΠΑΛΑΙΟΥ ΦΑΛΗΡΟΥ,ΠΑΛΑΙΟΥ ΦΑΛΗΡΟΥ,2022,,88200,7073.95,
6233,ΔΗΜΟΣ ΠΑΛΑΜΑ,ΠΑΛΑΜΑ,2022,50,50,50,
6234,ΔΗΜΟΣ ΠΑΛΛΗΝΗΣ,ΠΑΛΛΗΝΗΣ,2022,993.24,267461.66,90039.15,
6235,ΔΗΜΟΣ ΠΑΞΩΝ,ΠΑΞΩΝ,2022,,,2285.3,
6236,ΔΗΜΟΣ ΠΑΠΑΓΟΥ - ΧΟΛΑΡΓΟΥ,ΠΑΠΑΓΟΥ-ΧΟΛΑΡΓΟΥ,2022,,4000,,15607.2
6237,ΔΗΜΟΣ ΠΑΡΑΝΕΣΤΙΟΥ,ΠΑΡΑΝΕΣΤΙΟΥ,2022,,1809.56,,
6238,ΔΗΜΟΣ ΠΑΡΓΑΣ,ΠΑΡΓΑΣ,2022,,,,
6239,ΔΗΜΟΣ ΠΑΡΟΥ,ΠΑΡΟΥ,2022,32574.66,42538.99,43549.17,
6240,ΔΗΜΟΣ ΠΑΤΜΟΥ,ΠΑΤΜΟΥ,2022,,,,
6241,ΔΗΜΟΣ ΠΑΤΡΕΩΝ,ΠΑΤΡΕΩΝ,2022,,11070.21,,
6242,ΔΗΜΟΣ ΠΑΥΛΟΥ ΜΕΛΑ,ΠΑΥΛΟΥ ΜΕΛΑ,2022,,8461.76,16308.55,
6243,ΔΗΜΟΣ ΠΕΙΡΑΙΩΣ,ΠΕΙΡΑΙΩΣ,2022,,,,
6244,ΔΗΜΟΣ ΠΕΛΛΑΣ,ΠΕΛΛΑΣ,2022,2332.38,,5776.32,
6245,ΔΗΜΟΣ ΠΕΝΤΕΛΗΣ,ΠΕΝΤΕΛΗΣ,2022,6934.45,553.84,,
6246,ΔΗΜΟΣ ΠΕΡΑΜΑΤΟΣ,ΠΕΡΑΜΑΤΟΣ,2022,,43882.77,,
6247,ΔΗΜΟΣ ΠΕΡΙΣΤΕΡΙΟΥ,ΠΕΡΙΣΤΕΡΙΟΥ,2022,12398.14,,,
6248,ΔΗΜΟΣ ΠΕΤΡΟΥΠΟΛΗΣ,ΠΕΤΡΟΥΠΟΛΗΣ,2022,,223752.33,60310.85,
6249,ΔΗΜΟΣ ΠΗΝΕΙΟΥ,ΠΗΝΕΙΟΥ,2022,,,,
6250,ΔΗΜΟΣ ΠΛΑΤΑΝΙΑ,ΠΛΑΤΑΝΙΑ,2022,,28519.03,74499.6,
6251,ΔΗΜΟΣ ΠΟΛΥΓΥΡΟΥ,ΠΟΛΥΓΥΡΟΥ,2022,3973.48,,,
6252,ΔΗΜΟΣ ΠΟΡΟΥ,ΠΟΡΟΥ,2022,,,,
6253,ΔΗΜΟΣ ΠΡΕΒΕΖΑΣ,ΠΡΕΒΕΖΑΣ,2022,,,,
6254,ΔΗΜΟΣ ΠΡΕΣΠΩΝ,ΠΡΕΣΠΩΝ,2022,,,5886.2,
6255,ΔΗΜΟΣ ΠΡΟΣΟΤΣΑΝΗΣ,ΠΡΟΣΟΤΣΑΝΗΣ,2022,,,,
6256,ΔΗΜΟΣ ΠΥΔΝΑΣ - ΚΟΛΙΝΔΡΟΥ,ΠΥΔΝΑΣ-ΚΟΛΙΝΔΡΟΥ,2022,,,,
6257,ΔΗΜΟΣ ΠΥΛΑΙΑΣ - ΧΟΡΤΙΑΤΗ,ΠΥΛΑΙΑΣ-ΧΟΡΤΙΑΤΗ,2022,,,21825.27,
6258,ΔΗΜΟΣ ΠΥΛΗΣ,ΠΥΛΗΣ,2022,,82460,,
6259,ΔΗΜΟΣ ΠΥΛΟΥ - ΝΕΣΤΟΡΟΣ,ΠΥΛΟΥ-ΝΕΣΤΟΡΟΣ,2022,,,,
6260,ΔΗΜΟΣ ΠΥΡΓΟΥ,ΠΥΡΓΟΥ,2022,2418,3460,,
6261,ΔΗΜΟΣ ΠΩΓΩΝΙΟΥ,ΠΩΓΩΝΙΟΥ,2022,,,,
6262,ΔΗΜΟΣ ΡΑΦΗΝΑΣ - ΠΙΚΕΡΜΙΟΥ,ΡΑΦΗΝΑΣ-ΠΙΚΕΡΜΙΟΥ,2022,37200,,,124751.82
6263,ΔΗΜΟΣ ΡΕΘΥΜΝΗΣ,ΡΕΘΥΜΝΗΣ,2022,6926.64,,41539.98,
6264,ΔΗΜΟΣ ΡΗΓΑ ΦΕΡΑΙΟΥ,ΡΗΓΑ ΦΕΡΑΙΟΥ,2022,,,,
6265,ΔΗΜΟΣ ΡΟΔΟΥ,ΡΟΔΟΥ,2022,36615.09,378870.32,57888.04,
6266,ΔΗΜΟΣ ΣΑΛΑΜΙΝΑΣ,ΣΑΛΑΜΙΝΑΣ,2022,,415847.14,198638.6,
100049133,ΔΗΜΟΣ ΣΑΜΗΣ,ΣΑΜΗΣ,2022,,,,
6267,ΔΗΜΟΣ ΣΑΜΟΘΡΑΚΗΣ,ΣΑΜΟΘΡΑΚΗΣ,2022,284.99,,10664.35,
6268,ΔΗΜΟΣ ΣΑΜΟΥ,ΣΑΜΟΥ,2022,,,,
6269,ΔΗΜΟΣ ΣΑΡΩΝΙΚΟΥ,ΣΑΡΩΝΙΚΟΥ,2022,,90013.31,,
100048870,ΔΗΜΟΣ ΣΕΡΒΙΩΝ,ΣΕΡΒΙΩΝ,2022,,,,
6270,ΔΗΜΟΣ ΣΕΡΒΙΩΝ - ΒΕΛΒΕΝΤΟΥ,ΣΕΡΒΙΩΝ-ΒΕΛΒΕΝΤΟΥ,2022,,,,
6271,ΔΗΜΟΣ ΣΕΡΙΦΟΥ,ΣΕΡΙΦΟΥ,2022,,,,
6272,ΔΗΜΟΣ ΣΕΡΡΩΝ,ΣΕΡΡΩΝ,2022,,,,
6273,ΔΗΜΟΣ ΣΗΤΕΙΑΣ,ΣΗΤΕΙΑΣ,2022,14216.6,138216.07,107911,
6274,ΔΗΜΟΣ ΣΙΘΩΝΙΑΣ,ΣΙΘΩΝΙΑΣ,2022,,,3821.68,
6275,ΔΗΜΟΣ ΣΙΚΙΝΟΥ,ΣΙΚΙΝΟΥ,2022,,,,
6276,ΔΗΜΟΣ ΣΙΚΥΩΝΙΩΝ,ΣΙΚΥΩΝΙΩΝ,2022,,,,
6277,ΔΗΜΟΣ ΣΙΝΤΙΚΗΣ,ΣΙΝΤΙΚΗΣ,2022,,,,
6278,ΔΗΜΟΣ ΣΙΦΝΟΥ,ΣΙΦΝΟΥ,2022,,3583.6,,
6279,ΔΗΜΟΣ ΣΚΙΑΘΟΥ,ΣΚΙΑΘΟΥ,2022,,14374.75,14880,
6280,ΔΗΜΟΣ ΣΚΟΠΕΛΟΥ,ΣΚΟΠΕΛΟΥ,2022,7995.97,37091.48,,
6281,ΔΗΜΟΣ ΣΚΥΔΡΑΣ,ΣΚΥΔΡΑΣ,2022,,,,
6282,ΔΗΜΟΣ ΣΚΥΡΟΥ,ΣΚΥΡΟΥ,2022,,107436.85,99348.8,
6283,ΔΗΜΟΣ ΣΟΥΛΙΟΥ,ΣΟΥΛΙΟΥ,2022,2008.8,31069.8,6417,
6284,ΔΗΜΟΣ ΣΟΥΦΛΙΟΥ,ΣΟΥΦΛΙΟΥ,2022,,,,
6285,ΔΗΜΟΣ ΣΟΦΑΔΩΝ,ΣΟΦΑΔΩΝ,2022,1000,,992,
6286,ΔΗΜΟΣ ΣΠΑΡΤΗΣ,ΣΠΑΡΤΗΣ,2022,31310,254632.58,51301.7,
6287,ΔΗΜΟΣ ΣΠΑΤΩΝ - ΑΡΤΕΜΙΔΟΣ,ΣΠΑΤΩΝ-ΑΡΤΕΜΙΔΟΣ,2022,35113.33,49629.76,,
6288,ΔΗΜΟΣ ΣΠΕΤΣΩΝ,ΣΠΕΤΣΩΝ,2022,7142.4,,4960,
6289,ΔΗΜΟΣ ΣΤΥΛΙΔΑΣ,ΣΤΥΛΙΔΑΣ,2022,7066.76,49950.76,36084,
6290,ΔΗΜΟΣ ΣΥΜΗΣ,ΣΥΜΗΣ,2022,,18042.13,8185.5,
6291,ΔΗΜΟΣ ΣΥΡΟΥ - ΕΡΜΟΥΠΟΛΗΣ,ΣΥΡΟΥ-ΕΡΜΟΥΠΟΛΗΣ,2022,,,,
6292,ΔΗΜΟΣ ΣΦΑΚΙΩΝ,ΣΦΑΚΙΩΝ,2022,37200,40829.95,40829.95,
6293,ΔΗΜΟΣ ΤΑΝΑΓΡΑΣ,ΤΑΝΑΓΡΑΣ,2022,,85672,85366.76,
6294,ΔΗΜΟΣ ΤΕΜΠΩΝ,ΤΕΜΠΩΝ,2022,,,,
6295,ΔΗΜΟΣ ΤΗΛΟΥ,ΤΗΛΟΥ,2022,,,,
6296,ΔΗΜΟΣ ΤΗΝΟΥ,ΤΗΝΟΥ,2022,,1632.25,,
6297,ΔΗΜΟΣ ΤΟΠΕΙΡΟΥ,ΤΟΠΕΙΡΟΥ,2022,54537.8,-18061.1,11838.9,
6298,ΔΗΜΟΣ ΤΡΙΚΚΑΙΩΝ,ΤΡΙΚΚΑΙΩΝ,2022,39988.49,230069.64,,
6299,ΔΗΜΟΣ ΤΡΙΠΟΛΗΣ,ΤΡΙΠΟΛΗΣ,2022,12393.18,289285.34,1151.96,
6300,ΔΗΜΟΣ ΤΡΙΦΥΛΙΑΣ,ΤΡΙΦΥΛΙΑΣ,2022,,,,
6301,ΔΗΜΟΣ ΤΡΟΙΖΗΝΙΑΣ - ΜΕΘΑΝΩΝ,ΤΡΟΙΖΗΝΙΑΣ-ΜΕΘΑΝΩΝ,2022,,,,
6302,ΔΗΜΟΣ ΤΥΡΝΑΒΟΥ,ΤΥΡΝΑΒΟΥ,2022,,,,
6303,ΔΗΜΟΣ ΥΔΡΑΣ,ΥΔΡΑΣ,2022,558.5,2350,9583.23,
6304,ΔΗΜΟΣ ΦΑΙΣΤΟΥ,ΦΑΙΣΤΟΥ,2022,,5328.9,1785.6,
6305,ΔΗΜΟΣ ΦΑΡΚΑΔΟΝΑΣ,ΦΑΡΚΑΔΟΝΑΣ,2022,1009.23,21567.95,,
6306,ΔΗΜΟΣ ΦΑΡΣΑΛΩΝ,ΦΑΡΣΑΛΩΝ,2022,34718.71,,,1071.36
6307,ΔΗΜΟΣ ΦΙΛΑΔΕΛΦΕΙΑΣ - ΧΑΛΚΗΔΟΝΟΣ,ΦΙΛΑΔΕΛΦΕΙΑΣ-ΧΑΛΚΗΔΟΝΟΣ,2022,,,,
6308,ΔΗΜΟΣ ΦΙΛΙΑΤΩΝ,ΦΙΛΙΑΤΩΝ,2022,,1550,,
6322,ΔΗΜΟΣ ΦΙΛΟΘΕΗΣ - ΨΥΧΙΚΟΥ,ΦΙΛΟΘΕΗΣ-ΨΥΧΙΚΟΥ,2022,27000,28210.17,,
6309,ΔΗΜΟΣ ΦΛΩΡΙΝΑΣ,ΦΛΩΡΙΝΑΣ,2022,,18996.8,,
6310,ΔΗΜΟΣ ΦΟΛΕΓΑΝΔΡΟΥ,ΦΟΛΕΓΑΝΔΡΟΥ,2022,,,,
6311,ΔΗΜΟΣ ΦΟΥΡΝΩΝ ΚΟΡΣΕΩΝ,ΦΟΥΡΝΩΝ ΚΟΡΣΕΩΝ,2022,,,,
6312,ΔΗΜΟΣ ΦΥΛΗΣ,ΦΥΛΗΣ,2022,,202762,,
6313,ΔΗΜΟΣ ΧΑΙΔΑΡΙΟΥ,ΧΑΙΔΑΡΙΟΥ,2022,,,,
6314,ΔΗΜΟΣ ΧΑΛΑΝΔΡΙΟΥ,ΧΑΛΑΝΔΡΙΟΥ,2022,24372.2,,1460.91,
6315,ΔΗΜΟΣ ΧΑΛΚΗΔΟΝΟΣ,ΧΑΛΚΗΔΟΝΟΣ,2022,,159650,,
6316,ΔΗΜΟΣ ΧΑΛΚΗΣ,ΧΑΛΚΗΣ,2022,,,,
6317,ΔΗΜΟΣ ΧΑΛΚΙΔΕΩΝ,ΧΑΛΚΙΔΕΩΝ,2022,3699.42,,,
6318,ΔΗΜΟΣ ΧΑΝΙΩΝ,ΧΑΝΙΩΝ,2022,,,,
6319,ΔΗΜΟΣ ΧΕΡΣΟΝΗΣΟΥ,ΧΕΡΣΟΝΗΣΟΥ,2022,,246459.99,,
6320,ΔΗΜΟΣ ΧΙΟΥ,ΧΙΟΥ,2022,298.05,240072.98,41020.55,
6321,ΔΗΜΟΣ ΨΑΡΩΝ,ΨΑΡΩΝ,2022,,,,
6323,ΔΗΜΟΣ ΩΡΑΙΟΚΑΣΤΡΟΥ,ΩΡΑΙΟΚΑΣΤΡΟΥ,2022,,,,
6324,ΔΗΜΟΣ ΩΡΩΠΟΥ,ΩΡΩΠΟΥ,2022,,,165000.44,
100072229,ΕΝΕΡΓΕΙΑΚΗ ΚΟΙΝΟΤΗΤΑ ΑΓΡΙΝΙΟΥ ΣΥΝ ΠΕ,ΕΝΕΡΓΕΙΑΚΗ ΚΟΙΝΟΤΗΤΑ ΑΓΡΙΝΙΟΥ ΣΥΝ ΠΕ,2022,,,,
100059751,ΙΔΙΟΜΟΡΦΗ ΔΗΜΟΤΙΚΗ ΕΠΙΧΕΙΡΗΣΗ ΡΑΔΙΟΦΩΝΙΑΣ ΔΗΜΟΥ ΦΕΡΩΝ,ΙΔΙΟΜΟΡΦΗ ΕΠΙΧΕΙΡΗΣΗ ΡΑΔΙΟΦΩΝΙΑΣ ΦΕΡΩΝ,2022,,,,
6226,ΔΗΜΟ ΑΡΓΟΥΣ ΟΡΕΣΤΙΚΟΥ,ΑΡΓΟΥΣ ΟΡΕΣΤΙΚΟΥ,2021,,33852,,
6195,ΔΗΜΟΣ AΓΙΟΥ ΝΙΚΟΛΑΟΥ,AΓΙΟΥ ΝΙΚΟΛΑΟΥ,2021,,3616.13,,
6001,ΔΗΜΟΣ ΑΒΔΗΡΩΝ,ΑΒΔΗΡΩΝ,2021,,,,
6002,ΔΗΜΟΣ ΑΓΑΘΟΝΗΣΙΟΥ,ΑΓΑΘΟΝΗΣΙΟΥ,2021,,,,
6003,ΔΗΜΟΣ ΑΓΙΑΣ,ΑΓΙΑΣ,2021,19291.6,49983.6,19348.39,
6004,ΔΗΜΟΣ ΑΓΙΑΣ ΒΑΡΒΑΡΑΣ,ΑΓΙΑΣ ΒΑΡΒΑΡΑΣ,2021,3146.13,,,
6005,ΔΗΜΟΣ ΑΓΙΑΣ ΠΑΡΑΣΚΕΥΗΣ,ΑΓΙΑΣ ΠΑΡΑΣΚΕΥΗΣ,2021,,,,
6006,ΔΗΜΟΣ ΑΓΙΟΥ ΒΑΣΙΛΕΙΟΥ,ΑΓΙΟΥ ΒΑΣΙΛΕΙΟΥ,2021,15989.04,89938,15559.05,141800
6007,ΔΗΜΟΣ ΑΓΙΟΥ ΔΗΜΗΤΡΙΟΥ,ΑΓΙΟΥ ΔΗΜΗΤΡΙΟΥ,2021,,276520,4400.76,
6008,ΔΗΜΟΣ ΑΓΙΟΥ ΕΥΣΤΡΑΤΙΟΥ,ΑΓΙΟΥ ΕΥΣΤΡΑΤΙΟΥ,2021,401.14,,629.1,
6009,ΔΗΜΟΣ ΑΓΙΩΝ ΑΝΑΡΓΥΡΩΝ - ΚΑΜΑΤΕΡΟΥ,ΑΓΙΩΝ ΑΝΑΡΓΥΡΩΝ-ΚΑΜΑΤΕΡΟΥ,2021,,39980,23430.42,
6010,ΔΗΜΟΣ ΑΓΚΙΣΤΡΙΟΥ,ΑΓΚΙΣΤΡΙΟΥ,2021,,,,
6011,ΔΗΜΟΣ ΑΓΡΑΦΩΝ,ΑΓΡΑΦΩΝ,2021,52340.75,26952,41279.6,
6012,ΔΗΜΟΣ ΑΓΡΙΝΙΟΥ,ΑΓΡΙΝΙΟΥ,2021,,732255.12,43300.8,
6013,ΔΗΜΟΣ ΑΘΗΝΑΙΩΝ,ΑΘΗΝΑΙΩΝ,2021,,294805.08,,
6014,ΔΗΜΟΣ ΑΙΓΑΛΕΩ,ΑΙΓΑΛΕΩ,2021,,,10195.28,
6015,ΔΗΜΟΣ ΑΙΓΙΑΛΕΙΑΣ,ΑΙΓΙΑΛΕΙΑΣ,2021,,110786.03,10191.56,
6016,ΔΗΜΟΣ ΑΙΓΙΝΑΣ,ΑΙΓΙΝΑΣ,2021,,,236,
6017,ΔΗΜΟΣ ΑΚΤΙΟΥ - ΒΟΝΙΤΣΑΣ,ΑΚΤΙΟΥ-ΒΟΝΙΤΣΑΣ,2021,20968.4,,20968.4,
6018,ΔΗΜΟΣ ΑΛΕΞΑΝΔΡΕΙΑΣ,ΑΛΕΞΑΝΔΡΕΙΑΣ,2021,3800,,3800,3826.64
6019,ΔΗΜΟΣ ΑΛΕΞΑΝΔΡΟΥΠΟΛΗΣ,ΑΛΕΞΑΝΔΡΟΥΠΟΛΗΣ,2021,36102.97,,5575.4,
6020,ΔΗΜΟΣ ΑΛΙΑΡΤΟΥ,ΑΛΙΑΡΤΟΥ,2021,464.38,465,464.36,
6021,ΔΗΜΟΣ ΑΛΙΜΟΥ,ΑΛΙΜΟΥ,2021,10519.51,60963.79,10777.46,
6022,ΔΗΜΟΣ ΑΛΜΥΡΟΥ,ΑΛΜΥΡΟΥ,2021,,-11145.84,369.52,
6023,ΔΗΜΟΣ ΑΛΜΩΠΙΑΣ,ΑΛΜΩΠΙΑΣ,2021,,24801.29,,
6024,ΔΗΜΟΣ ΑΛΟΝΝΗΣΟΥ,ΑΛΟΝΝΗΣΟΥ,2021,,,,
6025,ΔΗΜΟΣ ΑΜΑΡΙΟΥ,ΑΜΑΡΙΟΥ,2021,,4281.19,3013.2,
6026,ΔΗΜΟΣ ΑΜΑΡΟΥΣΙΟΥ,ΑΜΑΡΟΥΣΙΟΥ,2021,,,,
6027,ΔΗΜΟΣ ΑΜΟΡΓΟΥ,ΑΜΟΡΓΟΥ,2021,,,,
6028,ΔΗΜΟΣ ΑΜΠΕΛΟΚΗΠΩΝ - ΜΕΝΕΜΕΝΗΣ,ΑΜΠΕΛΟΚΗΠΩΝ-ΜΕΝΕΜΕΝΗΣ,2021,,,,
6029,ΔΗΜΟΣ ΑΜΥΝΤΑΙΟΥ,ΑΜΥΝΤΑΙΟΥ,2021,421.6,,,
6030,ΔΗΜΟΣ ΑΜΦΙΚΛΕΙΑΣ - ΕΛΑΤΕΙΑΣ,ΑΜΦΙΚΛΕΙΑΣ-ΕΛΑΤΕΙΑΣ,2021,,,4426.06,
6031,ΔΗΜΟΣ ΑΜΦΙΛΟΧΙΑΣ,ΑΜΦΙΛΟΧΙΑΣ,2021,29433.37,29657.95,,
6032,ΔΗΜΟΣ ΑΜΦΙΠΟΛΗΣ,ΑΜΦΙΠΟΛΗΣ,2021,3650.56,,24031.2,
6033,ΔΗΜΟΣ ΑΝΑΤΟΛΙΚΗΣ ΜΑΝΗΣ,ΑΝΑΤΟΛΙΚΗΣ ΜΑΝΗΣ,2021,900,104682.64,9126.46,
100049544,ΔΗΜΟΣ ΑΝΑΤΟΛΙΚΗΣ ΣΑΜΟΥ,ΑΝΑΤΟΛΙΚΗΣ ΣΑΜΟΥ,2021,,,,4769.35
6034,ΔΗΜΟΣ ΑΝΑΦΗΣ,ΑΝΑΦΗΣ,2021,,,,
6035,ΔΗΜΟΣ ΑΝΔΡΑΒΙΔΑΣ - ΚΥΛΛΗΝΗΣ,ΑΝΔΡΑΒΙΔΑΣ-ΚΥΛΛΗΝΗΣ,2021,8864.1,27382.82,,
6036,ΔΗΜΟΣ ΑΝΔΡΙΤΣΑΙΝΑΣ - ΚΡΕΣΤΕΝΩΝ,ΑΝΔΡΙΤΣΑΙΝΑΣ-ΚΡΕΣΤΕΝΩΝ,2021,,186.65,141.36,
6037,ΔΗΜΟΣ ΑΝΔΡΟΥ,ΑΝΔΡΟΥ,2021,,,905.61,
6038,ΔΗΜΟΣ ΑΝΤΙΠΑΡΟΥ,ΑΝΤΙΠΑΡΟΥ,2021,,3407.4,,
6039,ΔΗΜΟΣ ΑΝΩΓΕΙΩΝ,ΑΝΩΓΕΙΩΝ,2021,12954.96,16449.01,15966.2,
6040,ΔΗΜΟΣ ΑΠΟΚΟΡΩΝΟΥ,ΑΠΟΚΟΡΩΝΟΥ,2021,,998.27,,
6041,ΔΗΜΟΣ ΑΡΓΙΘΕΑΣ,ΑΡΓΙΘΕΑΣ,2021,,,,
100049102,ΔΗΜΟΣ ΑΡΓΟΣΤΟΛΙΟΥ,ΑΡΓΟΣΤΟΛΙΟΥ,2021,50455.6,,52240.6,
6042,ΔΗΜΟΣ ΑΡΓΟΥΣ - ΜΥΚΗΝΩΝ,ΑΡΓΟΥΣ-ΜΥΚΗΝΩΝ,2021,106620.15,,,
6043,ΔΗΜΟΣ ΑΡΙΣΤΟΤΕΛΗ,ΑΡΙΣΤΟΤΕΛΗ,2021,,10079.96,,
6044,ΔΗΜΟΣ ΑΡΡΙΑΝΩΝ,ΑΡΡΙΑΝΩΝ,2021,,,1337.46,
6045,ΔΗΜΟΣ ΑΡΤΑΙΩΝ,ΑΡΤΑΙΩΝ,2021,705.5,19996,51985.99,
6046,ΔΗΜΟΣ ΑΡΧΑΙΑΣ ΟΛΥΜΠΙΑΣ,ΑΡΧΑΙΑΣ ΟΛΥΜΠΙΑΣ,2021,6860,,37130.24,
6047,ΔΗΜΟΣ ΑΡΧΑΝΩΝ - ΑΣΤΕΡΟΥΣΙΩΝ,ΑΡΧΑΝΩΝ-ΑΣΤΕΡΟΥΣΙΩΝ,2021,20633.6,23060.59,,
6048,ΔΗΜΟΣ ΑΣΠΡΟΠΥΡΓΟΥ,ΑΣΠΡΟΠΥΡΓΟΥ,2021,,158100,,
6049,ΔΗΜΟΣ ΑΣΤΥΠΑΛΑΙΑΣ,ΑΣΤΥΠΑΛΑΙΑΣ,2021,,,2741.64,
6050,ΔΗΜΟΣ ΑΧΑΡΝΩΝ,ΑΧΑΡΝΩΝ,2021,,212329.33,,
6051,ΔΗΜΟΣ ΒΑΡΗΣ - ΒΟΥΛΑΣ - ΒΟΥΛΙΑΓΜΕΝΗΣ,ΒΑΡΗΣ-ΒΟΥΛΑΣ-ΒΟΥΛΙΑΓΜΕΝΗΣ,2021,,,,
100048875,ΔΗΜΟΣ ΒΕΛΒΕΝΤΟΥ,ΒΕΛΒΕΝΤΟΥ,2021,4960,,608.22,
6052,ΔΗΜΟΣ ΒΕΛΟΥ - ΒΟΧΑΣ,ΒΕΛΟΥ-ΒΟΧΑΣ,2021,24746.68,,,
6053,ΔΗΜΟΣ ΒΕΡΟΙΑΣ,ΒΕΡΟΙΑΣ,2021,19197.68,,,5009.72
6054,ΔΗΜΟΣ ΒΙΑΝΝΟΥ,ΒΙΑΝΝΟΥ,2021,,,,
6055,ΔΗΜΟΣ ΒΙΣΑΛΤΙΑΣ,ΒΙΣΑΛΤΙΑΣ,2021,,,,
6056,ΔΗΜΟΣ ΒΟΙΟΥ,ΒΟΙΟΥ,2021,,9000,,
6057,ΔΗΜΟΣ ΒΟΛΒΗΣ,ΒΟΛΒΗΣ,2021,69322.14,,,
6058,ΔΗΜΟΣ ΒΟΛΟΥ,ΒΟΛΟΥ,2021,3296.38,475565.21,9613.67,
100049339,ΔΗΜΟΣ ΒΟΡΕΙΑΣ ΚΕΡΚΥΡΑΣ,ΒΟΡΕΙΑΣ ΚΕΡΚΥΡΑΣ,2021,,,,
6059,ΔΗΜΟΣ ΒΟΡΕΙΑΣ ΚΥΝΟΥΡΙΑΣ,ΒΟΡΕΙΑΣ ΚΥΝΟΥΡΙΑΣ,2021,,,,
6060,ΔΗΜΟΣ ΒΟΡΕΙΩΝ ΤΖΟΥΜΕΡΚΩΝ,ΒΟΡΕΙΩΝ ΤΖΟΥΜΕΡΚΩΝ,2021,642.48,,642.48,
6061,ΔΗΜΟΣ ΒΡΙΛΗΣΣΙΩΝ,ΒΡΙΛΗΣΣΙΩΝ,2021,,,,
6062,ΔΗΜΟΣ ΒΥΡΩΝΟΣ,ΒΥΡΩΝΟΣ,2021,9796,,,
6063,ΔΗΜΟΣ ΓΑΛΑΤΣΙΟΥ,ΓΑΛΑΤΣΙΟΥ,2021,,4055.3,574.12,
6064,ΔΗΜΟΣ ΓΑΥΔΟΥ,ΓΑΥΔΟΥ,2021,,,,
6065,ΔΗΜΟΣ ΓΕΩΡΓΙΟΥ ΚΑΡΑΙΣΚΑΚΗ,ΓΕΩΡΓΙΟΥ ΚΑΡΑΙΣΚΑΚΗ,2021,44800,,,
6066,ΔΗΜΟΣ ΓΛΥΦΑΔΑΣ,ΓΛΥΦΑΔΑΣ,2021,,,,
6067,ΔΗΜΟΣ ΓΟΡΤΥΝΑΣ,ΓΟΡΤΥΝΑΣ,2021,,129840,,
6068,ΔΗΜΟΣ ΓΟΡΤΥΝΙΑΣ,ΓΟΡΤΥΝΙΑΣ,2021,,,,
6069,ΔΗΜΟΣ ΓΡΕΒΕΝΩΝ,ΓΡΕΒΕΝΩΝ,2021,954.8,,,
6070,ΔΗΜΟΣ ΔΑΦΝΗΣ - ΥΜΗΤΤΟΥ,ΔΑΦΝΗΣ-ΥΜΗΤΤΟΥ,2021,,70000,,
6071,ΔΗΜΟΣ ΔΕΛΤΑ,ΔΕΛΤΑ,2021,,,,
6072,ΔΗΜΟΣ ΔΕΛΦΩΝ,ΔΕΛΦΩΝ,2021,,,4148.66,
6073,ΔΗΜΟΣ ΔΕΣΚΑΤΗΣ,ΔΕΣΚΑΤΗΣ,2021,,3540.84,,
6074,ΔΗΜΟΣ ΔΙΔΥΜΟΤΕΙΧΟΥ,ΔΙΔΥΜΟΤΕΙΧΟΥ,2021,,,,
6075,ΔΗΜΟΣ ΔΙΟΝΥΣΟΥ,ΔΙΟΝΥΣΟΥ,2021,,,,
6076,ΔΗΜΟΣ ΔΙΟΥ - ΟΛΥΜΠΟΥ,ΔΙΟΥ-ΟΛΥΜΠΟΥ,2021,,,1392.6,
6077,ΔΗΜΟΣ ΔΙΡΦΥΩΝ - ΜΕΣΣΑΠΙΩΝ,ΔΙΡΦΥΩΝ-ΜΕΣΣΑΠΙΩΝ,2021,9721.6,73958.94,12999.45,
6078,ΔΗΜΟΣ ΔΙΣΤΟΜΟΥ-ΑΡΑΧΟΒΑΣ - ΑΝΤΙΚΥΡΑΣ,ΔΙΣΤΟΜΟΥ-ΑΡΑΧΟΒΑΣ-ΑΝΤΙΚΥΡΑΣ,2021,,,,
6079,ΔΗΜΟΣ ΔΟΜΟΚΟΥ,ΔΟΜΟΚΟΥ,2021,22320,,,
6080,ΔΗΜΟΣ ΔΟΞΑΤΟΥ,ΔΟΞΑΤΟΥ,2021,30248.56,60187.55,38449.92,
6081,ΔΗΜΟΣ ΔΡΑΜΑΣ,ΔΡΑΜΑΣ,2021,,,,
6082,ΔΗΜΟΣ ΔΥΤΙΚΗΣ ΑΧΑΙΑΣ,ΔΥΤΙΚΗΣ ΑΧΑΙΑΣ,2021,,,,
100049040,ΔΗΜΟΣ ΔΥΤΙΚΗΣ ΛΕΣΒΟΥ,ΔΥΤΙΚΗΣ ΛΕΣΒΟΥ,2021,,,,
6083,ΔΗΜΟΣ ΔΥΤΙΚΗΣ ΜΑΝΗΣ,ΔΥΤΙΚΗΣ ΜΑΝΗΣ,2021,,,,
100049554,ΔΗΜΟΣ ΔΥΤΙΚΗΣ ΣΑΜΟΥ,ΔΥΤΙΚΗΣ ΣΑΜΟΥ,2021,,,,
6084,ΔΗΜΟΣ ΔΩΔΩΝΗΣ,ΔΩΔΩΝΗΣ,2021,1000,1000,,
6085,ΔΗΜΟΣ ΔΩΡΙΔΟΣ,ΔΩΡΙΔΟΣ,2021,,17393.63,5489.63,
6086,ΔΗΜΟΣ ΕΔΕΣΣΑΣ,ΕΔΕΣΣΑΣ,2021,5997.5,,18135.2,
6087,ΔΗΜΟΣ ΕΛΑΣΣΟΝΑΣ,ΕΛΑΣΣΟΝΑΣ,2021,,,,
6088,ΔΗΜΟΣ ΕΛΑΦΟΝΗΣΟΥ,ΕΛΑΦΟΝΗΣΟΥ,2021,,,,
6089,ΔΗΜΟΣ ΕΛΕΥΣΙΝΑΣ,ΕΛΕΥΣΙΝΑΣ,2021,,,,
6090,ΔΗΜΟΣ ΕΛΛΗΝΙΚΟΥ - ΑΡΓΥΡΟΥΠΟΛΗΣ,ΕΛΛΗΝΙΚΟΥ-ΑΡΓΥΡΟΥΠΟΛΗΣ,2021,,,11846.59,
6091,ΔΗΜΟΣ ΕΜΜΑΝΟΥΗΛ ΠΑΠΠΑ,ΕΜΜΑΝΟΥΗΛ ΠΑΠΠΑ,2021,,,,
6092,ΔΗΜΟΣ ΕΟΡΔΑΙΑΣ,ΕΟΡΔΑΙΑΣ,2021,8574.72,457066.69,,
6093,ΔΗΜΟΣ ΕΠΙΔΑΥΡΟΥ,ΕΠΙΔΑΥΡΟΥ,2021,,,,
6094,ΔΗΜΟΣ ΕΡΕΤΡΙΑΣ,ΕΡΕΤΡΙΑΣ,2021,,4935.2,,
6095,ΔΗΜΟΣ ΕΡΜΙΟΝΙΔΑΣ,ΕΡΜΙΟΝΙΔΑΣ,2021,,27376.96,27352.96,
6096,ΔΗΜΟΣ ΕΡΥΜΑΝΘΟΥ,ΕΡΥΜΑΝΘΟΥ,2021,1227.6,74436.68,,
6097,ΔΗΜΟΣ ΕΥΡΩΤΑ,ΕΥΡΩΤΑ,2021,6177.18,50200,178.81,
6098,ΔΗΜΟΣ ΖΑΓΟΡΑΣ - ΜΟΥΡΕΣΙΟΥ,ΖΑΓΟΡΑΣ-ΜΟΥΡΕΣΙΟΥ,2021,,,,
6099,ΔΗΜΟΣ ΖΑΓΟΡΙΟΥ,ΖΑΓΟΡΙΟΥ,2021,,,38948.4,
6100,ΔΗΜΟΣ ΖΑΚΥΝΘΟΥ,ΖΑΚΥΝΘΟΥ,2021,,119260,,
6101,ΔΗΜΟΣ ΖΑΧΑΡΩΣ,ΖΑΧΑΡΩΣ,2021,,,,
6102,ΔΗΜΟΣ ΖΗΡΟΥ,ΖΗΡΟΥ,2021,,,,
6103,ΔΗΜΟΣ ΖΙΤΣΑΣ,ΖΙΤΣΑΣ,2021,53808.49,,28219.51,
6104,ΔΗΜΟΣ ΖΩΓΡΑΦΟΥ,ΖΩΓΡΑΦΟΥ,2021,,,,
6105,ΔΗΜΟΣ ΗΓΟΥΜΕΝΙΤΣΑΣ,ΗΓΟΥΜΕΝΙΤΣΑΣ,2021,6000,,,
6106,ΔΗΜΟΣ ΗΛΙΔΑΣ,ΗΛΙΔΑΣ,2021,,,,
6107,ΔΗΜΟΣ ΗΛΙΟΥΠΟΛΗΣ,ΗΛΙΟΥΠΟΛΗΣ,2021,,145847.7,55610.53,
6108,ΔΗΜΟΣ ΗΡΑΚΛΕΙΑΣ,ΗΡΑΚΛΕΙΑΣ,2021,,,,
6109,ΔΗΜΟΣ ΗΡΑΚΛΕΙΟΥ,ΗΡΑΚΛΕΙΟΥ,2021,,-4829.07,227.25,
6325,ΔΗΜΟΣ ΗΡΑΚΛΕΙΟΥ (ΚΡΗΤΗΣ),ΗΡΑΚΛΕΙΟΥ (ΚΡΗΤΗΣ),2021,,,75.9,
6110,ΔΗΜΟΣ ΘΑΣΟΥ,ΘΑΣΟΥ,2021,500,,528.97,
6111,ΔΗΜΟΣ ΘΕΡΜΑΙΚΟΥ,ΘΕΡΜΑΙΚΟΥ,2021,,69719.3,,
6112,ΔΗΜΟΣ ΘΕΡΜΗΣ,ΘΕΡΜΗΣ,2021,,,,
6113,ΔΗΜΟΣ ΘΕΡΜΟΥ,ΘΕΡΜΟΥ,2021,,,,
6114,ΔΗΜΟΣ ΘΕΣΣΑΛΟΝΙΚΗΣ,ΘΕΣΣΑΛΟΝΙΚΗΣ,2021,,,13537.08,
6115,ΔΗΜΟΣ ΘΗΒΑΙΩΝ,ΘΗΒΑΙΩΝ,2021,,,,1341.61
6116,ΔΗΜΟΣ ΘΗΡΑΣ,ΘΗΡΑΣ,2021,,,,
6117,ΔΗΜΟΣ ΙΑΣΜΟΥ,ΙΑΣΜΟΥ,2021,,10600,584,
6118,ΔΗΜΟΣ ΙΕΡΑΠΕΤΡΑΣ,ΙΕΡΑΠΕΤΡΑΣ,2021,2465.62,,,4831.31
6119,ΔΗΜΟΣ ΙΕΡΑΣ ΠΟΛΗΣ ΜΕΣΟΛΟΓΓΙΟΥ,ΙΕΡΑΣ ΠΟΛΗΣ ΜΕΣΟΛΟΓΓΙΟΥ,2021,,,,
6120,ΔΗΜΟΣ ΙΗΤΩΝ,ΙΗΤΩΝ,2021,,,,
6121,ΔΗΜΟΣ ΙΘΑΚΗΣ,ΙΘΑΚΗΣ,2021,,,,
6122,ΔΗΜΟΣ ΙΚΑΡΙΑΣ,ΙΚΑΡΙΑΣ,2021,,,,
6123,ΔΗΜΟΣ ΙΛΙΟΥ,ΙΛΙΟΥ,2021,8583.53,,,
6124,ΔΗΜΟΣ ΙΣΤΙΑΙΑΣ - ΑΙΔΗΨΟΥ,ΙΣΤΙΑΙΑΣ-ΑΙΔΗΨΟΥ,2021,59823.8,60027.8,,
6125,ΔΗΜΟΣ ΙΩΑΝΝΙΤΩΝ,ΙΩΑΝΝΙΤΩΝ,2021,,,,
6126,ΔΗΜΟΣ ΚΑΒΑΛΑΣ,ΚΑΒΑΛΑΣ,2021,,,,
6127,ΔΗΜΟΣ ΚΑΙΣΑΡΙΑΝΗΣ,ΚΑΙΣΑΡΙΑΝΗΣ,2021,1680.82,,1254.88,
6128,ΔΗΜΟΣ ΚΑΛΑΒΡΥΤΩΝ,ΚΑΛΑΒΡΥΤΩΝ,2021,100837.73,172003.46,,
6129,ΔΗΜΟΣ ΚΑΛΑΜΑΡΙΑΣ,ΚΑΛΑΜΑΡΙΑΣ,2021,12775.24,,9718.27,
6130,ΔΗΜΟΣ ΚΑΛΑΜΑΤΑΣ,ΚΑΛΑΜΑΤΑΣ,2021,,252434.26,98552.45,
6131,ΔΗΜΟΣ ΚΑΛΑΜΠΑΚΑΣ,ΚΑΛΑΜΠΑΚΑΣ,2021,,,,
6132,ΔΗΜΟΣ ΚΑΛΛΙΘΕΑΣ,ΚΑΛΛΙΘΕΑΣ,2021,,,,
6133,ΔΗΜΟΣ ΚΑΛΥΜΝΙΩΝ,ΚΑΛΥΜΝΙΩΝ,2021,,8481.85,,
6134,ΔΗΜΟΣ ΚΑΝΤΑΝΟΥ - ΣΕΛΙΝΟΥ,ΚΑΝΤΑΝΟΥ-ΣΕΛΙΝΟΥ,2021,780,57919.2,,
6135,ΔΗΜΟΣ ΚΑΡΔΙΤΣΑΣ,ΚΑΡΔΙΤΣΑΣ,2021,6031.36,682,,
6136,ΔΗΜΟΣ ΚΑΡΠΑΘΟΥ,ΚΑΡΠΑΘΟΥ,2021,,1980,29408.62,
6137,ΔΗΜΟΣ ΚΑΡΠΕΝΗΣΙΟΥ,ΚΑΡΠΕΝΗΣΙΟΥ,2021,35565.68,106844.91,166.3,
6138,ΔΗΜΟΣ ΚΑΡΥΣΤΟΥ,ΚΑΡΥΣΤΟΥ,2021,,49619.67,,
6139,ΔΗΜΟΣ ΚΑΣΟΥ,ΚΑΣΟΥ,2021,,,,
6140,ΔΗΜΟΣ ΚΑΣΣΑΝΔΡΑΣ,ΚΑΣΣΑΝΔΡΑΣ,2021,3999.24,24500,40231.03,
6141,ΔΗΜΟΣ ΚΑΣΤΟΡΙΑΣ,ΚΑΣΤΟΡΙΑΣ,2021,,92294.07,1429.72,
6142,ΔΗΜΟΣ ΚΑΤΕΡΙΝΗΣ,ΚΑΤΕΡΙΝΗΣ,2021,12856.8,,,
6143,ΔΗΜΟΣ ΚΑΤΩ ΝΕΥΡΟΚΟΠΙΟΥ,ΚΑΤΩ ΝΕΥΡΟΚΟΠΙΟΥ,2021,20282.43,,777.23,
6144,ΔΗΜΟΣ ΚΕΑΣ,ΚΕΑΣ,2021,19892.23,,25531.66,
100049209,ΔΗΜΟΣ ΚΕΝΤΡΙΚΗΣ ΚΕΡΚΥΡΑΣ ΚΑΙ ΔΙΑΠΟΝΤΙΩΝ ΝΗΣΩΝ,ΚΕΝΤΡΙΚΗΣ ΚΕΡΚΥΡΑΣ ΚΑΙ ΔΙΑΠΟΝΤΙΩΝ ΝΗΣΩΝ,2021,,,,
6145,ΔΗΜΟΣ ΚΕΝΤΡΙΚΩΝ ΤΖΟΥΜΕΡΚΩΝ,ΚΕΝΤΡΙΚΩΝ ΤΖΟΥΜΕΡΚΩΝ,2021,14080,73989.68,71037.64,
6146,ΔΗΜΟΣ ΚΕΡΑΤΣΙΝΙΟΥ - ΔΡΑΠΕΤΣΩΝΑΣ,ΚΕΡΑΤΣΙΝΙΟΥ-ΔΡΑΠΕΤΣΩΝΑΣ,2021,,,7314.14,
6147,ΔΗΜΟΣ ΚΕΡΚΥΡΑΣ,ΚΕΡΚΥΡΑΣ,2021,,,,
6148,ΔΗΜΟΣ ΚΕΦΑΛΟΝΙΑΣ,ΚΕΦΑΛΟΝΙΑΣ,2021,,,,
6149,ΔΗΜΟΣ ΚΗΦΙΣΙΑΣ,ΚΗΦΙΣΙΑΣ,2021,20374.57,43096.1,,
6150,ΔΗΜΟΣ ΚΙΛΕΛΕΡ,ΚΙΛΕΛΕΡ,2021,2528.36,,,
6151,ΔΗΜΟΣ ΚΙΛΚΙΣ,ΚΙΛΚΙΣ,2021,,,,
6152,ΔΗΜΟΣ ΚΙΜΩΛΟΥ,ΚΙΜΩΛΟΥ,2021,,,3914.93,
6153,ΔΗΜΟΣ ΚΙΣΣΑΜΟΥ,ΚΙΣΣΑΜΟΥ,2021,49651.44,,49495.54,
6154,ΔΗΜΟΣ ΚΟΖΑΝΗΣ,ΚΟΖΑΝΗΣ,2021,,,,
6155,ΔΗΜΟΣ ΚΟΜΟΤΗΝΗΣ,ΚΟΜΟΤΗΝΗΣ,2021,,,7440,7440
6156,ΔΗΜΟΣ ΚΟΝΙΤΣΑΣ,ΚΟΝΙΤΣΑΣ,2021,,,,
6157,ΔΗΜΟΣ ΚΟΡΔΕΛΙΟΥ - ΕΥΟΣΜΟΥ,ΚΟΡΔΕΛΙΟΥ-ΕΥΟΣΜΟΥ,2021,6068.06,,,
6158,ΔΗΜΟΣ ΚΟΡΙΝΘΙΩΝ,ΚΟΡΙΝΘΙΩΝ,2021,,,49731.43,
6159,ΔΗΜΟΣ ΚΟΡΥΔΑΛΛΟΥ,ΚΟΡΥΔΑΛΛΟΥ,2021,,133771.83,7999.98,
6160,ΔΗΜΟΣ ΚΡΩΠΙΑΣ,ΚΡΩΠΙΑΣ,2021,,12372.96,34500.37,
6161,ΔΗΜΟΣ ΚΥΘΗΡΩΝ,ΚΥΘΗΡΩΝ,2021,,,,
6162,ΔΗΜΟΣ ΚΥΘΝΟΥ,ΚΥΘΝΟΥ,2021,1000.68,,,
6163,ΔΗΜΟΣ ΚΥΜΗΣ - ΑΛΙΒΕΡΙΟΥ,ΚΥΜΗΣ-ΑΛΙΒΕΡΙΟΥ,2021,,,,
6164,ΔΗΜΟΣ ΚΩ,ΚΩ,2021,,45584.72,,
6165,ΔΗΜΟΣ ΛΑΓΚΑΔΑ,ΛΑΓΚΑΔΑ,2021,,,,
6166,ΔΗΜΟΣ ΛΑΜΙΕΩΝ,ΛΑΜΙΕΩΝ,2021,,,,
6167,ΔΗΜΟΣ ΛΑΡΙΣΑΙΩΝ,ΛΑΡΙΣΑΙΩΝ,2021,,,,
6168,ΔΗΜΟΣ ΛΑΥΡΕΩΤΙΚΗΣ,ΛΑΥΡΕΩΤΙΚΗΣ,2021,152710.96,216335.88,,
6169,ΔΗΜΟΣ ΛΕΒΑΔΕΩΝ,ΛΕΒΑΔΕΩΝ,2021,,,1242.48,388455.8
6170,ΔΗΜΟΣ ΛΕΙΨΩΝ,ΛΕΙΨΩΝ,2021,,-9.54,,
6171,ΔΗΜΟΣ ΛΕΡΟΥ,ΛΕΡΟΥ,2021,,90792.39,148536401.3,
6172,ΔΗΜΟΣ ΛΕΣΒΟΥ,ΛΕΣΒΟΥ,2021,,,,
6173,ΔΗΜΟΣ ΛΕΥΚΑΔΑΣ,ΛΕΥΚΑΔΑΣ,2021,,170801.28,,
6174,ΔΗΜΟΣ ΛΗΜΝΟΥ,ΛΗΜΝΟΥ,2021,2707.96,,75737.25,
100049127,ΔΗΜΟΣ ΛΗΞΟΥΡΙΟΥ,ΛΗΞΟΥΡΙΟΥ,2021,,,,
6175,ΔΗΜΟΣ ΛΙΜΝΗΣ ΠΛΑΣΤΗΡΑ,ΛΙΜΝΗΣ ΠΛΑΣΤΗΡΑ,2021,51877.34,19106.11,49903.8,
6176,ΔΗΜΟΣ ΛΟΚΡΩΝ,ΛΟΚΡΩΝ,2021,,-126300,52122.31,
6177,ΔΗΜΟΣ ΛΟΥΤΡΑΚΙΟΥ - ΠΕΡΑΧΩΡΑΣ - ΑΓΙΩΝ ΘΕΟΔΩΡΩΝ,ΛΟΥΤΡΑΚΙΟΥ-ΠΕΡΑΧΩΡΑΣ-ΑΓΙΩΝ ΘΕΟΔΩΡΩΝ,2021,,72501.68,13112.58,
6178,ΔΗΜΟΣ ΛΥΚΟΒΡΥΣΗΣ - ΠΕΥΚΗΣ,ΛΥΚΟΒΡΥΣΗΣ-ΠΕΥΚΗΣ,2021,,,,
6179,ΔΗΜΟΣ ΜΑΚΡΑΚΩΜΗΣ,ΜΑΚΡΑΚΩΜΗΣ,2021,,-4000,2998.32,
6180,ΔΗΜΟΣ ΜΑΛΕΒΙΖΙΟΥ,ΜΑΛΕΒΙΖΙΟΥ,2021,,154380,,
6181,ΔΗΜΟΣ ΜΑΝΔΡΑΣ - ΕΙΔΥΛΛΙΑΣ,ΜΑΝΔΡΑΣ-ΕΙΔΥΛΛΙΑΣ,2021,,,,
6182,ΔΗΜΟΣ ΜΑΝΤΟΥΔΙΟΥ - ΛΙΜΝΗΣ - ΑΓΙΑΣ ΑΝΝΑΣ,ΜΑΝΤΟΥΔΙΟΥ-ΛΙΜΝΗΣ-ΑΓΙΑΣ ΑΝΝΑΣ,2021,,,1439022.2,
6183,ΔΗΜΟΣ ΜΑΡΑΘΩΝΟΣ,ΜΑΡΑΘΩΝΟΣ,2021,2876.8,,,
6184,ΔΗΜΟΣ ΜΑΡΚΟΠΟΥΛΟΥ ΜΕΣΟΓΑΙΑΣ,ΜΑΡΚΟΠΟΥΛΟΥ ΜΕΣΟΓΑΙΑΣ,2021,,,,
6185,ΔΗΜΟΣ ΜΑΡΩΝΕΙΑΣ - ΣΑΠΩΝ,ΜΑΡΩΝΕΙΑΣ-ΣΑΠΩΝ,2021,,,,
6186,ΔΗΜΟΣ ΜΕΓΑΛΟΠΟΛΗΣ,ΜΕΓΑΛΟΠΟΛΗΣ,2021,7265.81,40041.57,,
6187,ΔΗΜΟΣ ΜΕΓΑΝΗΣΙΟΥ,ΜΕΓΑΝΗΣΙΟΥ,2021,,,,
6188,ΔΗΜΟΣ ΜΕΓΑΡΕΩΝ,ΜΕΓΑΡΕΩΝ,2021,,,,
6189,ΔΗΜΟΣ ΜΕΓΙΣΤΗΣ,ΜΕΓΙΣΤΗΣ,2021,,,,
6190,ΔΗΜΟΣ ΜΕΣΣΗΝΗΣ,ΜΕΣΣΗΝΗΣ,2021,2745,,,
6191,ΔΗΜΟΣ ΜΕΤΑΜΟΡΦΩΣΗΣ,ΜΕΤΑΜΟΡΦΩΣΗΣ,2021,,,,
100062933,ΔΗΜΟΣ ΜΕΤΕΩΡΩΝ,ΜΕΤΕΩΡΩΝ,2021,,16913.28,,
6192,ΔΗΜΟΣ ΜΕΤΣΟΒΟΥ,ΜΕΤΣΟΒΟΥ,2021,750,,,
6193,ΔΗΜΟΣ ΜΗΛΟΥ,ΜΗΛΟΥ,2021,,7268.29,,
6194,ΔΗΜΟΣ ΜΙΝΩΑ ΠΕΔΙΑΔΑΣ,ΜΙΝΩΑ ΠΕΔΙΑΔΑΣ,2021,,,,
6196,ΔΗΜΟΣ ΜΟΝΕΜΒΑΣΙΑΣ,ΜΟΝΕΜΒΑΣΙΑΣ,2021,6671.29,6897.58,,
6197,ΔΗΜΟΣ ΜΟΣΧΑΤΟΥ - ΤΑΥΡΟΥ,ΜΟΣΧΑΤΟΥ-ΤΑΥΡΟΥ,2021,,,,
6198,ΔΗΜΟΣ ΜΟΥΖΑΚΙΟΥ,ΜΟΥΖΑΚΙΟΥ,2021,,1205.28,,
6199,ΔΗΜΟΣ ΜΥΚΗΣ,ΜΥΚΗΣ,2021,16293.05,8096.65,,
6200,ΔΗΜΟΣ ΜΥΚΟΝΟΥ,ΜΥΚΟΝΟΥ,2021,35789.01,35789.01,,
6201,ΔΗΜΟΣ ΜΥΛΟΠΟΤΑΜΟΥ,ΜΥΛΟΠΟΤΑΜΟΥ,2021,,107549.33,105.4,
100049029,ΔΗΜΟΣ ΜΥΤΙΛΗΝΗΣ,ΜΥΤΙΛΗΝΗΣ,2021,,280000,,
6202,ΔΗΜΟΣ ΜΩΛΟΥ - ΑΓ. ΚΩΝΣΤΑΝΤΙΝΟΥ,ΜΩΛΟΥ-ΑΓ. ΚΩΝΣΤΑΝΤΙΝΟΥ,2021,,,,
6203,ΔΗΜΟΣ ΝΑΞΟΥ & ΜΙΚΡΩΝ ΚΥΚΛΑΔΩΝ,ΝΑΞΟΥ & ΜΙΚΡΩΝ ΚΥΚΛΑΔΩΝ,2021,,,,998.4
6204,ΔΗΜΟΣ ΝΑΟΥΣΑΣ,ΝΑΟΥΣΑΣ,2021,,,,
6205,ΔΗΜΟΣ ΝΑΥΠΑΚΤΙΑΣ,ΝΑΥΠΑΚΤΙΑΣ,2021,,131339.19,58619.03,
6206,ΔΗΜΟΣ ΝΑΥΠΛΙΕΩΝ,ΝΑΥΠΛΙΕΩΝ,2021,,242350.32,171398.66,
6207,ΔΗΜΟΣ ΝΕΑΠΟΛΗΣ - ΣΥΚΕΩΝ,ΝΕΑΠΟΛΗΣ-ΣΥΚΕΩΝ,2021,,,7483.4,
6208,ΔΗΜΟΣ ΝΕΑΣ ΖΙΧΝΗΣ,ΝΕΑΣ ΖΙΧΝΗΣ,2021,,585.28,18585.28,585.28
6209,ΔΗΜΟΣ ΝΕΑΣ ΙΩΝΙΑΣ,ΝΕΑΣ ΙΩΝΙΑΣ,2021,3991.56,,,
6210,ΔΗΜΟΣ ΝΕΑΣ ΠΡΟΠΟΝΤΙΔΑΣ,ΝΕΑΣ ΠΡΟΠΟΝΤΙΔΑΣ,2021,,,1187.92,
6211,ΔΗΜΟΣ ΝΕΑΣ ΣΜΥΡΝΗΣ,ΝΕΑΣ ΣΜΥΡΝΗΣ,2021,19942,,,
100035023,ΔΗΜΟΣ  ΝΕΑΣ  ΦΙΛΑΔΕΛΦΕΙΑΣ - ΝΕΑΣ ΧΑΛΚΗΔΟΝΑΣ, ΝΕΑΣ  ΦΙΛΑΔΕΛΦΕΙΑΣ-ΝΕΑΣ ΧΑΛΚΗΔΟΝΑΣ,2021,26469,,5565516.8,
6212,ΔΗΜΟΣ ΝΕΜΕΑΣ,ΝΕΜΕΑΣ,2021,,,,
6213,ΔΗΜΟΣ ΝΕΣΤΟΡΙΟΥ,ΝΕΣΤΟΡΙΟΥ,2021,,,,
6214,ΔΗΜΟΣ ΝΕΣΤΟΥ,ΝΕΣΤΟΥ,2021,,19000,,
6215,ΔΗΜΟΣ ΝΙΚΑΙΑΣ - ΑΓΙΟΥ Ι. ΡΕΝΤΗ,ΝΙΚΑΙΑΣ-ΑΓΙΟΥ Ι. ΡΕΝΤΗ,2021,92172.3,135951.74,,
6216,ΔΗΜΟΣ ΝΙΚΟΛΑΟΥ ΣΚΟΥΦΑ,ΝΙΚΟΛΑΟΥ ΣΚΟΥΦΑ,2021,20600,,12231.36,
6217,ΔΗΜΟΣ ΝΙΣΥΡΟΥ,ΝΙΣΥΡΟΥ,2021,,,,
100049235,ΔΗΜΟΣ ΝΟΤΙΑΣ ΚΕΡΚΥΡΑΣ,ΝΟΤΙΑΣ ΚΕΡΚΥΡΑΣ,2021,,,,
6218,ΔΗΜΟΣ ΝΟΤΙΑΣ ΚΥΝΟΥΡΙΑΣ,ΝΟΤΙΑΣ ΚΥΝΟΥΡΙΑΣ,2021,,,,
6219,ΔΗΜΟΣ ΝΟΤΙΟΥ ΠΗΛΙΟΥ,ΝΟΤΙΟΥ ΠΗΛΙΟΥ,2021,2815.42,4482.64,243.68,
6220,ΔΗΜΟΣ ΞΑΝΘΗΣ,ΞΑΝΘΗΣ,2021,,,,
6221,ΔΗΜΟΣ ΞΗΡΟΜΕΡΟΥ,ΞΗΡΟΜΕΡΟΥ,2021,,,,
6222,ΔΗΜΟΣ ΞΥΛΟΚΑΣΤΡΟΥ - ΕΥΡΩΣΤΙΝΗΣ,ΞΥΛΟΚΑΣΤΡΟΥ-ΕΥΡΩΣΤΙΝΗΣ,2021,,,,
6223,ΔΗΜΟΣ ΟΙΝΟΥΣΣΩΝ,ΟΙΝΟΥΣΣΩΝ,2021,1377.09,1490,,
6224,ΔΗΜΟΣ ΟΙΧΑΛΙΑΣ,ΟΙΧΑΛΙΑΣ,2021,42419.47,,156.24,
6225,ΔΗΜΟΣ ΟΡΕΣΤΙΑΔΑΣ,ΟΡΕΣΤΙΑΔΑΣ,2021,,,4911.43,
6227,ΔΗΜΟΣ ΟΡΟΠΕΔΙΟΥ ΛΑΣΙΘΙΟΥ,ΟΡΟΠΕΔΙΟΥ ΛΑΣΙΘΙΟΥ,2021,,51625.96,31670.64,
6228,ΔΗΜΟΣ ΟΡΧΟΜΕΝΟΥ,ΟΡΧΟΜΕΝΟΥ,2021,552025.68,,4836,
6229,ΔΗΜΟΣ ΠΑΓΓΑΙΟΥ,ΠΑΓΓΑΙΟΥ,2021,1365.24,4753.68,1365.24,
6230,ΔΗΜΟΣ ΠΑΙΑΝΙΑΣ,ΠΑΙΑΝΙΑΣ,2021,,100200,,
6231,ΔΗΜΟΣ ΠΑΙΟΝΙΑΣ,ΠΑΙΟΝΙΑΣ,2021,3000,,,
6232,ΔΗΜΟΣ ΠΑΛΑΙΟΥ ΦΑΛΗΡΟΥ,ΠΑΛΑΙΟΥ ΦΑΛΗΡΟΥ,2021,36327.19,93845.04,119.04,
6233,ΔΗΜΟΣ ΠΑΛΑΜΑ,ΠΑΛΑΜΑ,2021,1274.28,1000,426.72,
6234,ΔΗΜΟΣ ΠΑΛΛΗΝΗΣ,ΠΑΛΛΗΝΗΣ,2021,943.64,158176.07,94493.76,
6235,ΔΗΜΟΣ ΠΑΞΩΝ,ΠΑΞΩΝ,2021,,,28.5,
6236,ΔΗΜΟΣ ΠΑΠΑΓΟΥ - ΧΟΛΑΡΓΟΥ,ΠΑΠΑΓΟΥ-ΧΟΛΑΡΓΟΥ,2021,2676.92,17125.4,,1040.92
6237,ΔΗΜΟΣ ΠΑΡΑΝΕΣΤΙΟΥ,ΠΑΡΑΝΕΣΤΙΟΥ,2021,,2695.13,,
6238,ΔΗΜΟΣ ΠΑΡΓΑΣ,ΠΑΡΓΑΣ,2021,,12540,,
6239,ΔΗΜΟΣ ΠΑΡΟΥ,ΠΑΡΟΥ,2021,196252.62,23854.51,35035,
6240,ΔΗΜΟΣ ΠΑΤΜΟΥ,ΠΑΤΜΟΥ,2021,,,,
6241,ΔΗΜΟΣ ΠΑΤΡΕΩΝ,ΠΑΤΡΕΩΝ,2021,9300,-233715.38,,
6242,ΔΗΜΟΣ ΠΑΥΛΟΥ ΜΕΛΑ,ΠΑΥΛΟΥ ΜΕΛΑ,2021,6696,35003.64,29115.3,
6243,ΔΗΜΟΣ ΠΕΙΡΑΙΩΣ,ΠΕΙΡΑΙΩΣ,2021,,,,
6244,ΔΗΜΟΣ ΠΕΛΛΑΣ,ΠΕΛΛΑΣ,2021,5049.73,,3964.73,
6245,ΔΗΜΟΣ ΠΕΝΤΕΛΗΣ,ΠΕΝΤΕΛΗΣ,2021,10970.5,2000,,
6246,ΔΗΜΟΣ ΠΕΡΑΜΑΤΟΣ,ΠΕΡΑΜΑΤΟΣ,2021,,8500.63,,
6247,ΔΗΜΟΣ ΠΕΡΙΣΤΕΡΙΟΥ,ΠΕΡΙΣΤΕΡΙΟΥ,2021,10279.6,,,
6248,ΔΗΜΟΣ ΠΕΤΡΟΥΠΟΛΗΣ,ΠΕΤΡΟΥΠΟΛΗΣ,2021,,142458.58,16380.4,
6249,ΔΗΜΟΣ ΠΗΝΕΙΟΥ,ΠΗΝΕΙΟΥ,2021,,,,
6250,ΔΗΜΟΣ ΠΛΑΤΑΝΙΑ,ΠΛΑΤΑΝΙΑ,2021,31766.47,,6698.15,
6251,ΔΗΜΟΣ ΠΟΛΥΓΥΡΟΥ,ΠΟΛΥΓΥΡΟΥ,2021,4301.44,,,
6252,ΔΗΜΟΣ ΠΟΡΟΥ,ΠΟΡΟΥ,2021,,,,
6253,ΔΗΜΟΣ ΠΡΕΒΕΖΑΣ,ΠΡΕΒΕΖΑΣ,2021,161.2,,,
6254,ΔΗΜΟΣ ΠΡΕΣΠΩΝ,ΠΡΕΣΠΩΝ,2021,7494.56,,4925.28,706.8
6255,ΔΗΜΟΣ ΠΡΟΣΟΤΣΑΝΗΣ,ΠΡΟΣΟΤΣΑΝΗΣ,2021,,,,
6256,ΔΗΜΟΣ ΠΥΔΝΑΣ - ΚΟΛΙΝΔΡΟΥ,ΠΥΔΝΑΣ-ΚΟΛΙΝΔΡΟΥ,2021,729.12,,,
6257,ΔΗΜΟΣ ΠΥΛΑΙΑΣ - ΧΟΡΤΙΑΤΗ,ΠΥΛΑΙΑΣ-ΧΟΡΤΙΑΤΗ,2021,,,8364.34,
6258,ΔΗΜΟΣ ΠΥΛΗΣ,ΠΥΛΗΣ,2021,,,,
6259,ΔΗΜΟΣ ΠΥΛΟΥ - ΝΕΣΤΟΡΟΣ,ΠΥΛΟΥ-ΝΕΣΤΟΡΟΣ,2021,109.12,69444.92,,
6260,ΔΗΜΟΣ ΠΥΡΓΟΥ,ΠΥΡΓΟΥ,2021,10000,12332,,
6261,ΔΗΜΟΣ ΠΩΓΩΝΙΟΥ,ΠΩΓΩΝΙΟΥ,2021,,,,
6262,ΔΗΜΟΣ ΡΑΦΗΝΑΣ - ΠΙΚΕΡΜΙΟΥ,ΡΑΦΗΝΑΣ-ΠΙΚΕΡΜΙΟΥ,2021,24738,,,46373.42
6263,ΔΗΜΟΣ ΡΕΘΥΜΝΗΣ,ΡΕΘΥΜΝΗΣ,2021,54193.55,,79938.33,
6264,ΔΗΜΟΣ ΡΗΓΑ ΦΕΡΑΙΟΥ,ΡΗΓΑ ΦΕΡΑΙΟΥ,2021,,185,,
6265,ΔΗΜΟΣ ΡΟΔΟΥ,ΡΟΔΟΥ,2021,29454.71,373382.04,12880.5,
6266,ΔΗΜΟΣ ΣΑΛΑΜΙΝΑΣ,ΣΑΛΑΜΙΝΑΣ,2021,1936.88,55409.37,104328.29,
100049133,ΔΗΜΟΣ ΣΑΜΗΣ,ΣΑΜΗΣ,2021,,,,
6267,ΔΗΜΟΣ ΣΑΜΟΘΡΑΚΗΣ,ΣΑΜΟΘΡΑΚΗΣ,2021,1255201,,7340.8,
6268,ΔΗΜΟΣ ΣΑΜΟΥ,ΣΑΜΟΥ,2021,,,,
6269,ΔΗΜΟΣ ΣΑΡΩΝΙΚΟΥ,ΣΑΡΩΝΙΚΟΥ,2021,,50157.05,,
100048870,ΔΗΜΟΣ ΣΕΡΒΙΩΝ,ΣΕΡΒΙΩΝ,2021,,,,
6270,ΔΗΜΟΣ ΣΕΡΒΙΩΝ - ΒΕΛΒΕΝΤΟΥ,ΣΕΡΒΙΩΝ-ΒΕΛΒΕΝΤΟΥ,2021,,,,
6271,ΔΗΜΟΣ ΣΕΡΙΦΟΥ,ΣΕΡΙΦΟΥ,2021,,,,
6272,ΔΗΜΟΣ ΣΕΡΡΩΝ,ΣΕΡΡΩΝ,2021,,,,
6273,ΔΗΜΟΣ ΣΗΤΕΙΑΣ,ΣΗΤΕΙΑΣ,2021,,39571.61,18285.54,
6274,ΔΗΜΟΣ ΣΙΘΩΝΙΑΣ,ΣΙΘΩΝΙΑΣ,2021,9530.64,,9937.36,
6275,ΔΗΜΟΣ ΣΙΚΙΝΟΥ,ΣΙΚΙΝΟΥ,2021,,,,
6276,ΔΗΜΟΣ ΣΙΚΥΩΝΙΩΝ,ΣΙΚΥΩΝΙΩΝ,2021,,,1031.94,
6277,ΔΗΜΟΣ ΣΙΝΤΙΚΗΣ,ΣΙΝΤΙΚΗΣ,2021,,,,
6278,ΔΗΜΟΣ ΣΙΦΝΟΥ,ΣΙΦΝΟΥ,2021,3617.04,1,,
6279,ΔΗΜΟΣ ΣΚΙΑΘΟΥ,ΣΚΙΑΘΟΥ,2021,,17752.62,860.66,
6280,ΔΗΜΟΣ ΣΚΟΠΕΛΟΥ,ΣΚΟΠΕΛΟΥ,2021,,,,
6281,ΔΗΜΟΣ ΣΚΥΔΡΑΣ,ΣΚΥΔΡΑΣ,2021,,,,
6282,ΔΗΜΟΣ ΣΚΥΡΟΥ,ΣΚΥΡΟΥ,2021,,2448.56,19313.16,
6283,ΔΗΜΟΣ ΣΟΥΛΙΟΥ,ΣΟΥΛΙΟΥ,2021,1314.4,55391.2,8035.2,
6284,ΔΗΜΟΣ ΣΟΥΦΛΙΟΥ,ΣΟΥΦΛΙΟΥ,2021,,,,
6285,ΔΗΜΟΣ ΣΟΦΑΔΩΝ,ΣΟΦΑΔΩΝ,2021,4000,4000,,
6286,ΔΗΜΟΣ ΣΠΑΡΤΗΣ,ΣΠΑΡΤΗΣ,2021,20486.19,144619.62,4988.4,
6287,ΔΗΜΟΣ ΣΠΑΤΩΝ - ΑΡΤΕΜΙΔΟΣ,ΣΠΑΤΩΝ-ΑΡΤΕΜΙΔΟΣ,2021,,-16069.78,,
6288,ΔΗΜΟΣ ΣΠΕΤΣΩΝ,ΣΠΕΤΣΩΝ,2021,5431.96,,,
6289,ΔΗΜΟΣ ΣΤΥΛΙΔΑΣ,ΣΤΥΛΙΔΑΣ,2021,36084,51960.96,,
6290,ΔΗΜΟΣ ΣΥΜΗΣ,ΣΥΜΗΣ,2021,,20264.42,12900.31,
6291,ΔΗΜΟΣ ΣΥΡΟΥ - ΕΡΜΟΥΠΟΛΗΣ,ΣΥΡΟΥ-ΕΡΜΟΥΠΟΛΗΣ,2021,,,,
6292,ΔΗΜΟΣ ΣΦΑΚΙΩΝ,ΣΦΑΚΙΩΝ,2021,37190.08,37190.08,37190.08,
6293,ΔΗΜΟΣ ΤΑΝΑΓΡΑΣ,ΤΑΝΑΓΡΑΣ,2021,,81738.52,80087.83,
6294,ΔΗΜΟΣ ΤΕΜΠΩΝ,ΤΕΜΠΩΝ,2021,,,821.25,
6295,ΔΗΜΟΣ ΤΗΛΟΥ,ΤΗΛΟΥ,2021,,,,
6296,ΔΗΜΟΣ ΤΗΝΟΥ,ΤΗΝΟΥ,2021,713.25,713.25,880.64,
6297,ΔΗΜΟΣ ΤΟΠΕΙΡΟΥ,ΤΟΠΕΙΡΟΥ,2021,60760,42282.75,11863.7,
6298,ΔΗΜΟΣ ΤΡΙΚΚΑΙΩΝ,ΤΡΙΚΚΑΙΩΝ,2021,493.52,2177.44,,
6299,ΔΗΜΟΣ ΤΡΙΠΟΛΗΣ,ΤΡΙΠΟΛΗΣ,2021,1805.44,178455.77,,
6300,ΔΗΜΟΣ ΤΡΙΦΥΛΙΑΣ,ΤΡΙΦΥΛΙΑΣ,2021,,,,
6301,ΔΗΜΟΣ ΤΡΟΙΖΗΝΙΑΣ - ΜΕΘΑΝΩΝ,ΤΡΟΙΖΗΝΙΑΣ-ΜΕΘΑΝΩΝ,2021,,,,
6302,ΔΗΜΟΣ ΤΥΡΝΑΒΟΥ,ΤΥΡΝΑΒΟΥ,2021,,,,
6303,ΔΗΜΟΣ ΥΔΡΑΣ,ΥΔΡΑΣ,2021,12880.5,23920,,
6304,ΔΗΜΟΣ ΦΑΙΣΤΟΥ,ΦΑΙΣΤΟΥ,2021,,63028.45,,
6305,ΔΗΜΟΣ ΦΑΡΚΑΔΟΝΑΣ,ΦΑΡΚΑΔΟΝΑΣ,2021,416.51,22102.51,,
6306,ΔΗΜΟΣ ΦΑΡΣΑΛΩΝ,ΦΑΡΣΑΛΩΝ,2021,,,,
6307,ΔΗΜΟΣ ΦΙΛΑΔΕΛΦΕΙΑΣ - ΧΑΛΚΗΔΟΝΟΣ,ΦΙΛΑΔΕΛΦΕΙΑΣ-ΧΑΛΚΗΔΟΝΟΣ,2021,,,,
6308,ΔΗΜΟΣ ΦΙΛΙΑΤΩΝ,ΦΙΛΙΑΤΩΝ,2021,15900,26290,,
6322,ΔΗΜΟΣ ΦΙΛΟΘΕΗΣ - ΨΥΧΙΚΟΥ,ΦΙΛΟΘΕΗΣ-ΨΥΧΙΚΟΥ,2021,3537.85,98340,366.42,
6309,ΔΗΜΟΣ ΦΛΩΡΙΝΑΣ,ΦΛΩΡΙΝΑΣ,2021,,40115.22,,
6310,ΔΗΜΟΣ ΦΟΛΕΓΑΝΔΡΟΥ,ΦΟΛΕΓΑΝΔΡΟΥ,2021,,,,
6311,ΔΗΜΟΣ ΦΟΥΡΝΩΝ ΚΟΡΣΕΩΝ,ΦΟΥΡΝΩΝ ΚΟΡΣΕΩΝ,2021,,,,
6312,ΔΗΜΟΣ ΦΥΛΗΣ,ΦΥΛΗΣ,2021,,246140.12,6300,
6313,ΔΗΜΟΣ ΧΑΙΔΑΡΙΟΥ,ΧΑΙΔΑΡΙΟΥ,2021,3096.28,,,
6314,ΔΗΜΟΣ ΧΑΛΑΝΔΡΙΟΥ,ΧΑΛΑΝΔΡΙΟΥ,2021,6637.1,,22409.03,
6315,ΔΗΜΟΣ ΧΑΛΚΗΔΟΝΟΣ,ΧΑΛΚΗΔΟΝΟΣ,2021,,2852,,
6316,ΔΗΜΟΣ ΧΑΛΚΗΣ,ΧΑΛΚΗΣ,2021,,,,
6317,ΔΗΜΟΣ ΧΑΛΚΙΔΕΩΝ,ΧΑΛΚΙΔΕΩΝ,2021,510829.54,10000,,
6318,ΔΗΜΟΣ ΧΑΝΙΩΝ,ΧΑΝΙΩΝ,2021,,,20186.2,
6319,ΔΗΜΟΣ ΧΕΡΣΟΝΗΣΟΥ,ΧΕΡΣΟΝΗΣΟΥ,2021,148799.98,12000,,
6320,ΔΗΜΟΣ ΧΙΟΥ,ΧΙΟΥ,2021,,298356.39,27022.04,
6321,ΔΗΜΟΣ ΨΑΡΩΝ,ΨΑΡΩΝ,2021,,,,
6323,ΔΗΜΟΣ ΩΡΑΙΟΚΑΣΤΡΟΥ,ΩΡΑΙΟΚΑΣΤΡΟΥ,2021,16306,,,
6324,ΔΗΜΟΣ ΩΡΩΠΟΥ,ΩΡΩΠΟΥ,2021,24800,,7000,
100072229,ΕΝΕΡΓΕΙΑΚΗ ΚΟΙΝΟΤΗΤΑ ΑΓΡΙΝΙΟΥ ΣΥΝ ΠΕ,ΕΝΕΡΓΕΙΑΚΗ ΚΟΙΝΟΤΗΤΑ ΑΓΡΙΝΙΟΥ ΣΥΝ ΠΕ,2021,,,,
100059751,ΙΔΙΟΜΟΡΦΗ ΔΗΜΟΤΙΚΗ ΕΠΙΧΕΙΡΗΣΗ ΡΑΔΙΟΦΩΝΙΑΣ ΔΗΜΟΥ ΦΕΡΩΝ,ΙΔΙΟΜΟΡΦΗ ΕΠΙΧΕΙΡΗΣΗ ΡΑΔΙΟΦΩΝΙΑΣ ΦΕΡΩΝ,2021,,,,
6226,ΔΗΜΟ ΑΡΓΟΥΣ ΟΡΕΣΤΙΚΟΥ,ΑΡΓΟΥΣ ΟΡΕΣΤΙΚΟΥ,2020,,36958.2,223.2,
6195,ΔΗΜΟΣ AΓΙΟΥ ΝΙΚΟΛΑΟΥ,AΓΙΟΥ ΝΙΚΟΛΑΟΥ,2020,,66245.6,,
6001,ΔΗΜΟΣ ΑΒΔΗΡΩΝ,ΑΒΔΗΡΩΝ,2020,,,,
6002,ΔΗΜΟΣ ΑΓΑΘΟΝΗΣΙΟΥ,ΑΓΑΘΟΝΗΣΙΟΥ,2020,,,,
6003,ΔΗΜΟΣ ΑΓΙΑΣ,ΑΓΙΑΣ,2020,39499.98,41799.99,12133.49,
6004,ΔΗΜΟΣ ΑΓΙΑΣ ΒΑΡΒΑΡΑΣ,ΑΓΙΑΣ ΒΑΡΒΑΡΑΣ,2020,2278.13,,208.32,
6005,ΔΗΜΟΣ ΑΓΙΑΣ ΠΑΡΑΣΚΕΥΗΣ,ΑΓΙΑΣ ΠΑΡΑΣΚΕΥΗΣ,2020,,9702.46,,
6006,ΔΗΜΟΣ ΑΓΙΟΥ ΒΑΣΙΛΕΙΟΥ,ΑΓΙΟΥ ΒΑΣΙΛΕΙΟΥ,2020,19905.98,90236.29,23863.63,141800
6007,ΔΗΜΟΣ ΑΓΙΟΥ ΔΗΜΗΤΡΙΟΥ,ΑΓΙΟΥ ΔΗΜΗΤΡΙΟΥ,2020,,,1931.3,
6008,ΔΗΜΟΣ ΑΓΙΟΥ ΕΥΣΤΡΑΤΙΟΥ,ΑΓΙΟΥ ΕΥΣΤΡΑΤΙΟΥ,2020,2950.07,,3297.71,
6009,ΔΗΜΟΣ ΑΓΙΩΝ ΑΝΑΡΓΥΡΩΝ - ΚΑΜΑΤΕΡΟΥ,ΑΓΙΩΝ ΑΝΑΡΓΥΡΩΝ-ΚΑΜΑΤΕΡΟΥ,2020,21799.2,91448.97,18414,
6010,ΔΗΜΟΣ ΑΓΚΙΣΤΡΙΟΥ,ΑΓΚΙΣΤΡΙΟΥ,2020,,,,
6011,ΔΗΜΟΣ ΑΓΡΑΦΩΝ,ΑΓΡΑΦΩΝ,2020,,20936.9,91.5,
6012,ΔΗΜΟΣ ΑΓΡΙΝΙΟΥ,ΑΓΡΙΝΙΟΥ,2020,,52036.2,73637.4,
6013,ΔΗΜΟΣ ΑΘΗΝΑΙΩΝ,ΑΘΗΝΑΙΩΝ,2020,,128340,,
6014,ΔΗΜΟΣ ΑΙΓΑΛΕΩ,ΑΙΓΑΛΕΩ,2020,,,8192.68,
6015,ΔΗΜΟΣ ΑΙΓΙΑΛΕΙΑΣ,ΑΙΓΙΑΛΕΙΑΣ,2020,1702.52,64656.08,22233.32,
6016,ΔΗΜΟΣ ΑΙΓΙΝΑΣ,ΑΙΓΙΝΑΣ,2020,,,,
6017,ΔΗΜΟΣ ΑΚΤΙΟΥ - ΒΟΝΙΤΣΑΣ,ΑΚΤΙΟΥ-ΒΟΝΙΤΣΑΣ,2020,14499.71,,20993.7,
6018,ΔΗΜΟΣ ΑΛΕΞΑΝΔΡΕΙΑΣ,ΑΛΕΞΑΝΔΡΕΙΑΣ,2020,,,,
6019,ΔΗΜΟΣ ΑΛΕΞΑΝΔΡΟΥΠΟΛΗΣ,ΑΛΕΞΑΝΔΡΟΥΠΟΛΗΣ,2020,7181.46,,4280.38,
6020,ΔΗΜΟΣ ΑΛΙΑΡΤΟΥ,ΑΛΙΑΡΤΟΥ,2020,4621.4,500,920,
6021,ΔΗΜΟΣ ΑΛΙΜΟΥ,ΑΛΙΜΟΥ,2020,23713.76,18171.77,5049.28,24800
6022,ΔΗΜΟΣ ΑΛΜΥΡΟΥ,ΑΛΜΥΡΟΥ,2020,369.52,125898.46,10275.97,
6023,ΔΗΜΟΣ ΑΛΜΩΠΙΑΣ,ΑΛΜΩΠΙΑΣ,2020,,1378.88,1309.94,
6024,ΔΗΜΟΣ ΑΛΟΝΝΗΣΟΥ,ΑΛΟΝΝΗΣΟΥ,2020,,,6.2,
6025,ΔΗΜΟΣ ΑΜΑΡΙΟΥ,ΑΜΑΡΙΟΥ,2020,,3200,,
6026,ΔΗΜΟΣ ΑΜΑΡΟΥΣΙΟΥ,ΑΜΑΡΟΥΣΙΟΥ,2020,24254.4,,,
6027,ΔΗΜΟΣ ΑΜΟΡΓΟΥ,ΑΜΟΡΓΟΥ,2020,,347.2,,
6028,ΔΗΜΟΣ ΑΜΠΕΛΟΚΗΠΩΝ - ΜΕΝΕΜΕΝΗΣ,ΑΜΠΕΛΟΚΗΠΩΝ-ΜΕΝΕΜΕΝΗΣ,2020,,,,
6029,ΔΗΜΟΣ ΑΜΥΝΤΑΙΟΥ,ΑΜΥΝΤΑΙΟΥ,2020,,,,
6030,ΔΗΜΟΣ ΑΜΦΙΚΛΕΙΑΣ - ΕΛΑΤΕΙΑΣ,ΑΜΦΙΚΛΕΙΑΣ-ΕΛΑΤΕΙΑΣ,2020,,,,
6031,ΔΗΜΟΣ ΑΜΦΙΛΟΧΙΑΣ,ΑΜΦΙΛΟΧΙΑΣ,2020,10894.72,117.44,,
6032,ΔΗΜΟΣ ΑΜΦΙΠΟΛΗΣ,ΑΜΦΙΠΟΛΗΣ,2020,,,19326.64,
6033,ΔΗΜΟΣ ΑΝΑΤΟΛΙΚΗΣ ΜΑΝΗΣ,ΑΝΑΤΟΛΙΚΗΣ ΜΑΝΗΣ,2020,,105709.18,12640.1,
100049544,ΔΗΜΟΣ ΑΝΑΤΟΛΙΚΗΣ ΣΑΜΟΥ,ΑΝΑΤΟΛΙΚΗΣ ΣΑΜΟΥ,2020,,,,3329.38
6034,ΔΗΜΟΣ ΑΝΑΦΗΣ,ΑΝΑΦΗΣ,2020,,,,
6035,ΔΗΜΟΣ ΑΝΔΡΑΒΙΔΑΣ - ΚΥΛΛΗΝΗΣ,ΑΝΔΡΑΒΙΔΑΣ-ΚΥΛΛΗΝΗΣ,2020,,34400,,
6036,ΔΗΜΟΣ ΑΝΔΡΙΤΣΑΙΝΑΣ - ΚΡΕΣΤΕΝΩΝ,ΑΝΔΡΙΤΣΑΙΝΑΣ-ΚΡΕΣΤΕΝΩΝ,2020,,-9748.17,,
6037,ΔΗΜΟΣ ΑΝΔΡΟΥ,ΑΝΔΡΟΥ,2020,,,,
6038,ΔΗΜΟΣ ΑΝΤΙΠΑΡΟΥ,ΑΝΤΙΠΑΡΟΥ,2020,,5189.1,,
6039,ΔΗΜΟΣ ΑΝΩΓΕΙΩΝ,ΑΝΩΓΕΙΩΝ,2020,11895.63,22800,7850.99,
6040,ΔΗΜΟΣ ΑΠΟΚΟΡΩΝΟΥ,ΑΠΟΚΟΡΩΝΟΥ,2020,,15097.06,15095.33,
6041,ΔΗΜΟΣ ΑΡΓΙΘΕΑΣ,ΑΡΓΙΘΕΑΣ,2020,,4409.27,4409.27,
100049102,ΔΗΜΟΣ ΑΡΓΟΣΤΟΛΙΟΥ,ΑΡΓΟΣΤΟΛΙΟΥ,2020,57166.48,,106685.17,
6042,ΔΗΜΟΣ ΑΡΓΟΥΣ - ΜΥΚΗΝΩΝ,ΑΡΓΟΥΣ-ΜΥΚΗΝΩΝ,2020,109093.28,,,
6043,ΔΗΜΟΣ ΑΡΙΣΤΟΤΕΛΗ,ΑΡΙΣΤΟΤΕΛΗ,2020,,,,
6044,ΔΗΜΟΣ ΑΡΡΙΑΝΩΝ,ΑΡΡΙΑΝΩΝ,2020,,,,
6045,ΔΗΜΟΣ ΑΡΤΑΙΩΝ,ΑΡΤΑΙΩΝ,2020,158,49663.32,20790.22,
6046,ΔΗΜΟΣ ΑΡΧΑΙΑΣ ΟΛΥΜΠΙΑΣ,ΑΡΧΑΙΑΣ ΟΛΥΜΠΙΑΣ,2020,,,,
6047,ΔΗΜΟΣ ΑΡΧΑΝΩΝ - ΑΣΤΕΡΟΥΣΙΩΝ,ΑΡΧΑΝΩΝ-ΑΣΤΕΡΟΥΣΙΩΝ,2020,1426.99,1426.99,,
6048,ΔΗΜΟΣ ΑΣΠΡΟΠΥΡΓΟΥ,ΑΣΠΡΟΠΥΡΓΟΥ,2020,,160850,,
6049,ΔΗΜΟΣ ΑΣΤΥΠΑΛΑΙΑΣ,ΑΣΤΥΠΑΛΑΙΑΣ,2020,,,,
6050,ΔΗΜΟΣ ΑΧΑΡΝΩΝ,ΑΧΑΡΝΩΝ,2020,,22949.92,,
6051,ΔΗΜΟΣ ΒΑΡΗΣ - ΒΟΥΛΑΣ - ΒΟΥΛΙΑΓΜΕΝΗΣ,ΒΑΡΗΣ-ΒΟΥΛΑΣ-ΒΟΥΛΙΑΓΜΕΝΗΣ,2020,,,,
100048875,ΔΗΜΟΣ ΒΕΛΒΕΝΤΟΥ,ΒΕΛΒΕΝΤΟΥ,2020,,,,
6052,ΔΗΜΟΣ ΒΕΛΟΥ - ΒΟΧΑΣ,ΒΕΛΟΥ-ΒΟΧΑΣ,2020,24746.68,,,
6053,ΔΗΜΟΣ ΒΕΡΟΙΑΣ,ΒΕΡΟΙΑΣ,2020,5996.64,,,32311.57
6054,ΔΗΜΟΣ ΒΙΑΝΝΟΥ,ΒΙΑΝΝΟΥ,2020,,,,
6055,ΔΗΜΟΣ ΒΙΣΑΛΤΙΑΣ,ΒΙΣΑΛΤΙΑΣ,2020,,,,
6056,ΔΗΜΟΣ ΒΟΙΟΥ,ΒΟΙΟΥ,2020,,38000,2000,
6057,ΔΗΜΟΣ ΒΟΛΒΗΣ,ΒΟΛΒΗΣ,2020,822708.11,,,
6058,ΔΗΜΟΣ ΒΟΛΟΥ,ΒΟΛΟΥ,2020,86.8,,42858.19,
100049339,ΔΗΜΟΣ ΒΟΡΕΙΑΣ ΚΕΡΚΥΡΑΣ,ΒΟΡΕΙΑΣ ΚΕΡΚΥΡΑΣ,2020,,,,
6059,ΔΗΜΟΣ ΒΟΡΕΙΑΣ ΚΥΝΟΥΡΙΑΣ,ΒΟΡΕΙΑΣ ΚΥΝΟΥΡΙΑΣ,2020,,,,
6060,ΔΗΜΟΣ ΒΟΡΕΙΩΝ ΤΖΟΥΜΕΡΚΩΝ,ΒΟΡΕΙΩΝ ΤΖΟΥΜΕΡΚΩΝ,2020,,,,
6061,ΔΗΜΟΣ ΒΡΙΛΗΣΣΙΩΝ,ΒΡΙΛΗΣΣΙΩΝ,2020,,,,
6062,ΔΗΜΟΣ ΒΥΡΩΝΟΣ,ΒΥΡΩΝΟΣ,2020,,,,
6063,ΔΗΜΟΣ ΓΑΛΑΤΣΙΟΥ,ΓΑΛΑΤΣΙΟΥ,2020,,921.87,,
6064,ΔΗΜΟΣ ΓΑΥΔΟΥ,ΓΑΥΔΟΥ,2020,,,,
6065,ΔΗΜΟΣ ΓΕΩΡΓΙΟΥ ΚΑΡΑΙΣΚΑΚΗ,ΓΕΩΡΓΙΟΥ ΚΑΡΑΙΣΚΑΚΗ,2020,19902,,,
6066,ΔΗΜΟΣ ΓΛΥΦΑΔΑΣ,ΓΛΥΦΑΔΑΣ,2020,,60,,
6067,ΔΗΜΟΣ ΓΟΡΤΥΝΑΣ,ΓΟΡΤΥΝΑΣ,2020,,4340,,
6068,ΔΗΜΟΣ ΓΟΡΤΥΝΙΑΣ,ΓΟΡΤΥΝΙΑΣ,2020,6999.8,,,
6069,ΔΗΜΟΣ ΓΡΕΒΕΝΩΝ,ΓΡΕΒΕΝΩΝ,2020,889.7,,,
6070,ΔΗΜΟΣ ΔΑΦΝΗΣ - ΥΜΗΤΤΟΥ,ΔΑΦΝΗΣ-ΥΜΗΤΤΟΥ,2020,,3100,2410.56,3100
6071,ΔΗΜΟΣ ΔΕΛΤΑ,ΔΕΛΤΑ,2020,,,1373.05,
6072,ΔΗΜΟΣ ΔΕΛΦΩΝ,ΔΕΛΦΩΝ,2020,16685.1,5646.8,,
6073,ΔΗΜΟΣ ΔΕΣΚΑΤΗΣ,ΔΕΣΚΑΤΗΣ,2020,,2690.8,2690.8,
6074,ΔΗΜΟΣ ΔΙΔΥΜΟΤΕΙΧΟΥ,ΔΙΔΥΜΟΤΕΙΧΟΥ,2020,,,,
6075,ΔΗΜΟΣ ΔΙΟΝΥΣΟΥ,ΔΙΟΝΥΣΟΥ,2020,33709.4,,2357.86,
6076,ΔΗΜΟΣ ΔΙΟΥ - ΟΛΥΜΠΟΥ,ΔΙΟΥ-ΟΛΥΜΠΟΥ,2020,17745.02,,17863.52,2200
6077,ΔΗΜΟΣ ΔΙΡΦΥΩΝ - ΜΕΣΣΑΠΙΩΝ,ΔΙΡΦΥΩΝ-ΜΕΣΣΑΠΙΩΝ,2020,652.86,36731.58,11636.46,
6078,ΔΗΜΟΣ ΔΙΣΤΟΜΟΥ-ΑΡΑΧΟΒΑΣ - ΑΝΤΙΚΥΡΑΣ,ΔΙΣΤΟΜΟΥ-ΑΡΑΧΟΒΑΣ-ΑΝΤΙΚΥΡΑΣ,2020,,,,
6079,ΔΗΜΟΣ ΔΟΜΟΚΟΥ,ΔΟΜΟΚΟΥ,2020,,,,
6080,ΔΗΜΟΣ ΔΟΞΑΤΟΥ,ΔΟΞΑΤΟΥ,2020,25143.48,69862.57,51078.03,
6081,ΔΗΜΟΣ ΔΡΑΜΑΣ,ΔΡΑΜΑΣ,2020,,3673.81,,
6082,ΔΗΜΟΣ ΔΥΤΙΚΗΣ ΑΧΑΙΑΣ,ΔΥΤΙΚΗΣ ΑΧΑΙΑΣ,2020,,,,
100049040,ΔΗΜΟΣ ΔΥΤΙΚΗΣ ΛΕΣΒΟΥ,ΔΥΤΙΚΗΣ ΛΕΣΒΟΥ,2020,,,,
6083,ΔΗΜΟΣ ΔΥΤΙΚΗΣ ΜΑΝΗΣ,ΔΥΤΙΚΗΣ ΜΑΝΗΣ,2020,,,,
100049554,ΔΗΜΟΣ ΔΥΤΙΚΗΣ ΣΑΜΟΥ,ΔΥΤΙΚΗΣ ΣΑΜΟΥ,2020,,,,
6084,ΔΗΜΟΣ ΔΩΔΩΝΗΣ,ΔΩΔΩΝΗΣ,2020,384.4,,,
6085,ΔΗΜΟΣ ΔΩΡΙΔΟΣ,ΔΩΡΙΔΟΣ,2020,,,1732.35,
6086,ΔΗΜΟΣ ΕΔΕΣΣΑΣ,ΕΔΕΣΣΑΣ,2020,9268.88,,9325.88,
6087,ΔΗΜΟΣ ΕΛΑΣΣΟΝΑΣ,ΕΛΑΣΣΟΝΑΣ,2020,291.4,,,
6088,ΔΗΜΟΣ ΕΛΑΦΟΝΗΣΟΥ,ΕΛΑΦΟΝΗΣΟΥ,2020,,,,
6089,ΔΗΜΟΣ ΕΛΕΥΣΙΝΑΣ,ΕΛΕΥΣΙΝΑΣ,2020,,,230.45,
6090,ΔΗΜΟΣ ΕΛΛΗΝΙΚΟΥ - ΑΡΓΥΡΟΥΠΟΛΗΣ,ΕΛΛΗΝΙΚΟΥ-ΑΡΓΥΡΟΥΠΟΛΗΣ,2020,,,3218,
6091,ΔΗΜΟΣ ΕΜΜΑΝΟΥΗΛ ΠΑΠΠΑ,ΕΜΜΑΝΟΥΗΛ ΠΑΠΠΑ,2020,,,,
6092,ΔΗΜΟΣ ΕΟΡΔΑΙΑΣ,ΕΟΡΔΑΙΑΣ,2020,,8366.28,,
6093,ΔΗΜΟΣ ΕΠΙΔΑΥΡΟΥ,ΕΠΙΔΑΥΡΟΥ,2020,,,,
6094,ΔΗΜΟΣ ΕΡΕΤΡΙΑΣ,ΕΡΕΤΡΙΑΣ,2020,,6232.66,,
6095,ΔΗΜΟΣ ΕΡΜΙΟΝΙΔΑΣ,ΕΡΜΙΟΝΙΔΑΣ,2020,550,50651.32,11900.53,
6096,ΔΗΜΟΣ ΕΡΥΜΑΝΘΟΥ,ΕΡΥΜΑΝΘΟΥ,2020,310,-7470.34,1435.48,
6097,ΔΗΜΟΣ ΕΥΡΩΤΑ,ΕΥΡΩΤΑ,2020,1302,53097.96,,
6098,ΔΗΜΟΣ ΖΑΓΟΡΑΣ - ΜΟΥΡΕΣΙΟΥ,ΖΑΓΟΡΑΣ-ΜΟΥΡΕΣΙΟΥ,2020,,,,1081.52
6099,ΔΗΜΟΣ ΖΑΓΟΡΙΟΥ,ΖΑΓΟΡΙΟΥ,2020,,,,
6100,ΔΗΜΟΣ ΖΑΚΥΝΘΟΥ,ΖΑΚΥΝΘΟΥ,2020,,,,
6101,ΔΗΜΟΣ ΖΑΧΑΡΩΣ,ΖΑΧΑΡΩΣ,2020,,,,
6102,ΔΗΜΟΣ ΖΗΡΟΥ,ΖΗΡΟΥ,2020,14458.59,3968,,
6103,ΔΗΜΟΣ ΖΙΤΣΑΣ,ΖΙΤΣΑΣ,2020,,,43472.75,
6104,ΔΗΜΟΣ ΖΩΓΡΑΦΟΥ,ΖΩΓΡΑΦΟΥ,2020,,,,
6105,ΔΗΜΟΣ ΗΓΟΥΜΕΝΙΤΣΑΣ,ΗΓΟΥΜΕΝΙΤΣΑΣ,2020,60,,60,
6106,ΔΗΜΟΣ ΗΛΙΔΑΣ,ΗΛΙΔΑΣ,2020,,,,
6107,ΔΗΜΟΣ ΗΛΙΟΥΠΟΛΗΣ,ΗΛΙΟΥΠΟΛΗΣ,2020,,38181.4,21712.24,
6108,ΔΗΜΟΣ ΗΡΑΚΛΕΙΑΣ,ΗΡΑΚΛΕΙΑΣ,2020,,,,
6109,ΔΗΜΟΣ ΗΡΑΚΛΕΙΟΥ,ΗΡΑΚΛΕΙΟΥ,2020,,84001.62,5421.28,
6325,ΔΗΜΟΣ ΗΡΑΚΛΕΙΟΥ (ΚΡΗΤΗΣ),ΗΡΑΚΛΕΙΟΥ (ΚΡΗΤΗΣ),2020,1363.08,,1489.02,
6110,ΔΗΜΟΣ ΘΑΣΟΥ,ΘΑΣΟΥ,2020,,13491.2,20695.6,
6111,ΔΗΜΟΣ ΘΕΡΜΑΙΚΟΥ,ΘΕΡΜΑΙΚΟΥ,2020,,99906.8,,
6112,ΔΗΜΟΣ ΘΕΡΜΗΣ,ΘΕΡΜΗΣ,2020,,13000,137889,
6113,ΔΗΜΟΣ ΘΕΡΜΟΥ,ΘΕΡΜΟΥ,2020,30968.38,-0.03,,
6114,ΔΗΜΟΣ ΘΕΣΣΑΛΟΝΙΚΗΣ,ΘΕΣΣΑΛΟΝΙΚΗΣ,2020,,,,
6115,ΔΗΜΟΣ ΘΗΒΑΙΩΝ,ΘΗΒΑΙΩΝ,2020,,,,3968
6116,ΔΗΜΟΣ ΘΗΡΑΣ,ΘΗΡΑΣ,2020,1877.36,,,
6117,ΔΗΜΟΣ ΙΑΣΜΟΥ,ΙΑΣΜΟΥ,2020,,763.22,1864.34,
6118,ΔΗΜΟΣ ΙΕΡΑΠΕΤΡΑΣ,ΙΕΡΑΠΕΤΡΑΣ,2020,,,,7487.48
6119,ΔΗΜΟΣ ΙΕΡΑΣ ΠΟΛΗΣ ΜΕΣΟΛΟΓΓΙΟΥ,ΙΕΡΑΣ ΠΟΛΗΣ ΜΕΣΟΛΟΓΓΙΟΥ,2020,,,,
6120,ΔΗΜΟΣ ΙΗΤΩΝ,ΙΗΤΩΝ,2020,,,,
6121,ΔΗΜΟΣ ΙΘΑΚΗΣ,ΙΘΑΚΗΣ,2020,,,,
6122,ΔΗΜΟΣ ΙΚΑΡΙΑΣ,ΙΚΑΡΙΑΣ,2020,,,,
6123,ΔΗΜΟΣ ΙΛΙΟΥ,ΙΛΙΟΥ,2020,,,,
6124,ΔΗΜΟΣ ΙΣΤΙΑΙΑΣ - ΑΙΔΗΨΟΥ,ΙΣΤΙΑΙΑΣ-ΑΙΔΗΨΟΥ,2020,,-2.54,,
6125,ΔΗΜΟΣ ΙΩΑΝΝΙΤΩΝ,ΙΩΑΝΝΙΤΩΝ,2020,,,,
6126,ΔΗΜΟΣ ΚΑΒΑΛΑΣ,ΚΑΒΑΛΑΣ,2020,5339.44,,,
6127,ΔΗΜΟΣ ΚΑΙΣΑΡΙΑΝΗΣ,ΚΑΙΣΑΡΙΑΝΗΣ,2020,1365.42,1339.82,1306.34,
6128,ΔΗΜΟΣ ΚΑΛΑΒΡΥΤΩΝ,ΚΑΛΑΒΡΥΤΩΝ,2020,,15820,,
6129,ΔΗΜΟΣ ΚΑΛΑΜΑΡΙΑΣ,ΚΑΛΑΜΑΡΙΑΣ,2020,20655.25,,10976.48,
6130,ΔΗΜΟΣ ΚΑΛΑΜΑΤΑΣ,ΚΑΛΑΜΑΤΑΣ,2020,8391.95,,,
6131,ΔΗΜΟΣ ΚΑΛΑΜΠΑΚΑΣ,ΚΑΛΑΜΠΑΚΑΣ,2020,435.36,1049.16,,
6132,ΔΗΜΟΣ ΚΑΛΛΙΘΕΑΣ,ΚΑΛΛΙΘΕΑΣ,2020,,,,
6133,ΔΗΜΟΣ ΚΑΛΥΜΝΙΩΝ,ΚΑΛΥΜΝΙΩΝ,2020,,-12000,,
6134,ΔΗΜΟΣ ΚΑΝΤΑΝΟΥ - ΣΕΛΙΝΟΥ,ΚΑΝΤΑΝΟΥ-ΣΕΛΙΝΟΥ,2020,,,,
6135,ΔΗΜΟΣ ΚΑΡΔΙΤΣΑΣ,ΚΑΡΔΙΤΣΑΣ,2020,,,942.4,
6136,ΔΗΜΟΣ ΚΑΡΠΑΘΟΥ,ΚΑΡΠΑΘΟΥ,2020,,,,
6137,ΔΗΜΟΣ ΚΑΡΠΕΝΗΣΙΟΥ,ΚΑΡΠΕΝΗΣΙΟΥ,2020,46036.49,103352.94,,
6138,ΔΗΜΟΣ ΚΑΡΥΣΤΟΥ,ΚΑΡΥΣΤΟΥ,2020,,3050,,
6139,ΔΗΜΟΣ ΚΑΣΟΥ,ΚΑΣΟΥ,2020,,,,
6140,ΔΗΜΟΣ ΚΑΣΣΑΝΔΡΑΣ,ΚΑΣΣΑΝΔΡΑΣ,2020,24500,,31476.66,
6141,ΔΗΜΟΣ ΚΑΣΤΟΡΙΑΣ,ΚΑΣΤΟΡΙΑΣ,2020,,52412.9,1583.23,
6142,ΔΗΜΟΣ ΚΑΤΕΡΙΝΗΣ,ΚΑΤΕΡΙΝΗΣ,2020,,,,
6143,ΔΗΜΟΣ ΚΑΤΩ ΝΕΥΡΟΚΟΠΙΟΥ,ΚΑΤΩ ΝΕΥΡΟΚΟΠΙΟΥ,2020,1386.12,,1465.76,
6144,ΔΗΜΟΣ ΚΕΑΣ,ΚΕΑΣ,2020,897.39,,8930.33,
100049209,ΔΗΜΟΣ ΚΕΝΤΡΙΚΗΣ ΚΕΡΚΥΡΑΣ ΚΑΙ ΔΙΑΠΟΝΤΙΩΝ ΝΗΣΩΝ,ΚΕΝΤΡΙΚΗΣ ΚΕΡΚΥΡΑΣ ΚΑΙ ΔΙΑΠΟΝΤΙΩΝ ΝΗΣΩΝ,2020,,,,
6145,ΔΗΜΟΣ ΚΕΝΤΡΙΚΩΝ ΤΖΟΥΜΕΡΚΩΝ,ΚΕΝΤΡΙΚΩΝ ΤΖΟΥΜΕΡΚΩΝ,2020,65942.98,62443.18,8887.15,
6146,ΔΗΜΟΣ ΚΕΡΑΤΣΙΝΙΟΥ - ΔΡΑΠΕΤΣΩΝΑΣ,ΚΕΡΑΤΣΙΝΙΟΥ-ΔΡΑΠΕΤΣΩΝΑΣ,2020,,9155.91,18652.33,
6147,ΔΗΜΟΣ ΚΕΡΚΥΡΑΣ,ΚΕΡΚΥΡΑΣ,2020,,,,
6148,ΔΗΜΟΣ ΚΕΦΑΛΟΝΙΑΣ,ΚΕΦΑΛΟΝΙΑΣ,2020,,,,
6149,ΔΗΜΟΣ ΚΗΦΙΣΙΑΣ,ΚΗΦΙΣΙΑΣ,2020,,57187.21,,
6150,ΔΗΜΟΣ ΚΙΛΕΛΕΡ,ΚΙΛΕΛΕΡ,2020,643.56,,,
6151,ΔΗΜΟΣ ΚΙΛΚΙΣ,ΚΙΛΚΙΣ,2020,,,37793.96,
6152,ΔΗΜΟΣ ΚΙΜΩΛΟΥ,ΚΙΜΩΛΟΥ,2020,,,1086.35,
6153,ΔΗΜΟΣ ΚΙΣΣΑΜΟΥ,ΚΙΣΣΑΜΟΥ,2020,32207.12,,49464.66,
6154,ΔΗΜΟΣ ΚΟΖΑΝΗΣ,ΚΟΖΑΝΗΣ,2020,,,,
6155,ΔΗΜΟΣ ΚΟΜΟΤΗΝΗΣ,ΚΟΜΟΤΗΝΗΣ,2020,,,1742.2,
6156,ΔΗΜΟΣ ΚΟΝΙΤΣΑΣ,ΚΟΝΙΤΣΑΣ,2020,,,,
6157,ΔΗΜΟΣ ΚΟΡΔΕΛΙΟΥ - ΕΥΟΣΜΟΥ,ΚΟΡΔΕΛΙΟΥ-ΕΥΟΣΜΟΥ,2020,,,,
6158,ΔΗΜΟΣ ΚΟΡΙΝΘΙΩΝ,ΚΟΡΙΝΘΙΩΝ,2020,,,1821.05,
6159,ΔΗΜΟΣ ΚΟΡΥΔΑΛΛΟΥ,ΚΟΡΥΔΑΛΛΟΥ,2020,19354.83,165505.72,8887.27,
6160,ΔΗΜΟΣ ΚΡΩΠΙΑΣ,ΚΡΩΠΙΑΣ,2020,,66331.95,41819.88,
6161,ΔΗΜΟΣ ΚΥΘΗΡΩΝ,ΚΥΘΗΡΩΝ,2020,,,,
6162,ΔΗΜΟΣ ΚΥΘΝΟΥ,ΚΥΘΝΟΥ,2020,2222.08,,,
6163,ΔΗΜΟΣ ΚΥΜΗΣ - ΑΛΙΒΕΡΙΟΥ,ΚΥΜΗΣ-ΑΛΙΒΕΡΙΟΥ,2020,,9993.48,,
6164,ΔΗΜΟΣ ΚΩ,ΚΩ,2020,,45800.65,,
6165,ΔΗΜΟΣ ΛΑΓΚΑΔΑ,ΛΑΓΚΑΔΑ,2020,,,15108.59,
6166,ΔΗΜΟΣ ΛΑΜΙΕΩΝ,ΛΑΜΙΕΩΝ,2020,3112.4,,967.2,
6167,ΔΗΜΟΣ ΛΑΡΙΣΑΙΩΝ,ΛΑΡΙΣΑΙΩΝ,2020,,,,
6168,ΔΗΜΟΣ ΛΑΥΡΕΩΤΙΚΗΣ,ΛΑΥΡΕΩΤΙΚΗΣ,2020,6864.91,21997.63,,
6169,ΔΗΜΟΣ ΛΕΒΑΔΕΩΝ,ΛΕΒΑΔΕΩΝ,2020,,,11358.4,
6170,ΔΗΜΟΣ ΛΕΙΨΩΝ,ΛΕΙΨΩΝ,2020,,2352,,
6171,ΔΗΜΟΣ ΛΕΡΟΥ,ΛΕΡΟΥ,2020,173.85,19432.3,14375.56,
6172,ΔΗΜΟΣ ΛΕΣΒΟΥ,ΛΕΣΒΟΥ,2020,,,,
6173,ΔΗΜΟΣ ΛΕΥΚΑΔΑΣ,ΛΕΥΚΑΔΑΣ,2020,926.9,107573.38,,
6174,ΔΗΜΟΣ ΛΗΜΝΟΥ,ΛΗΜΝΟΥ,2020,2294,,16016.91,
100049127,ΔΗΜΟΣ ΛΗΞΟΥΡΙΟΥ,ΛΗΞΟΥΡΙΟΥ,2020,,,,
6175,ΔΗΜΟΣ ΛΙΜΝΗΣ ΠΛΑΣΤΗΡΑ,ΛΙΜΝΗΣ ΠΛΑΣΤΗΡΑ,2020,2993.36,21699.47,,
6176,ΔΗΜΟΣ ΛΟΚΡΩΝ,ΛΟΚΡΩΝ,2020,,126300,1123.75,
6177,ΔΗΜΟΣ ΛΟΥΤΡΑΚΙΟΥ - ΠΕΡΑΧΩΡΑΣ - ΑΓΙΩΝ ΘΕΟΔΩΡΩΝ,ΛΟΥΤΡΑΚΙΟΥ-ΠΕΡΑΧΩΡΑΣ-ΑΓΙΩΝ ΘΕΟΔΩΡΩΝ,2020,,10589.6,29977.36,
6178,ΔΗΜΟΣ ΛΥΚΟΒΡΥΣΗΣ - ΠΕΥΚΗΣ,ΛΥΚΟΒΡΥΣΗΣ-ΠΕΥΚΗΣ,2020,,,,
6179,ΔΗΜΟΣ ΜΑΚΡΑΚΩΜΗΣ,ΜΑΚΡΑΚΩΜΗΣ,2020,,6000,39556,
6180,ΔΗΜΟΣ ΜΑΛΕΒΙΖΙΟΥ,ΜΑΛΕΒΙΖΙΟΥ,2020,,1000,,
6181,ΔΗΜΟΣ ΜΑΝΔΡΑΣ - ΕΙΔΥΛΛΙΑΣ,ΜΑΝΔΡΑΣ-ΕΙΔΥΛΛΙΑΣ,2020,,,,
6182,ΔΗΜΟΣ ΜΑΝΤΟΥΔΙΟΥ - ΛΙΜΝΗΣ - ΑΓΙΑΣ ΑΝΝΑΣ,ΜΑΝΤΟΥΔΙΟΥ-ΛΙΜΝΗΣ-ΑΓΙΑΣ ΑΝΝΑΣ,2020,20770,,45570,
6183,ΔΗΜΟΣ ΜΑΡΑΘΩΝΟΣ,ΜΑΡΑΘΩΝΟΣ,2020,7871.5,,,
6184,ΔΗΜΟΣ ΜΑΡΚΟΠΟΥΛΟΥ ΜΕΣΟΓΑΙΑΣ,ΜΑΡΚΟΠΟΥΛΟΥ ΜΕΣΟΓΑΙΑΣ,2020,,20600,,
6185,ΔΗΜΟΣ ΜΑΡΩΝΕΙΑΣ - ΣΑΠΩΝ,ΜΑΡΩΝΕΙΑΣ-ΣΑΠΩΝ,2020,,,,
6186,ΔΗΜΟΣ ΜΕΓΑΛΟΠΟΛΗΣ,ΜΕΓΑΛΟΠΟΛΗΣ,2020,2792.95,1444.99,,
6187,ΔΗΜΟΣ ΜΕΓΑΝΗΣΙΟΥ,ΜΕΓΑΝΗΣΙΟΥ,2020,,,,
6188,ΔΗΜΟΣ ΜΕΓΑΡΕΩΝ,ΜΕΓΑΡΕΩΝ,2020,,,,
6189,ΔΗΜΟΣ ΜΕΓΙΣΤΗΣ,ΜΕΓΙΣΤΗΣ,2020,,,,
6190,ΔΗΜΟΣ ΜΕΣΣΗΝΗΣ,ΜΕΣΣΗΝΗΣ,2020,,,,
6191,ΔΗΜΟΣ ΜΕΤΑΜΟΡΦΩΣΗΣ,ΜΕΤΑΜΟΡΦΩΣΗΣ,2020,6181.4,,2360.96,
100062933,ΔΗΜΟΣ ΜΕΤΕΩΡΩΝ,ΜΕΤΕΩΡΩΝ,2020,,,,
6192,ΔΗΜΟΣ ΜΕΤΣΟΒΟΥ,ΜΕΤΣΟΒΟΥ,2020,,,,
6193,ΔΗΜΟΣ ΜΗΛΟΥ,ΜΗΛΟΥ,2020,,,,
6194,ΔΗΜΟΣ ΜΙΝΩΑ ΠΕΔΙΑΔΑΣ,ΜΙΝΩΑ ΠΕΔΙΑΔΑΣ,2020,,,,
6196,ΔΗΜΟΣ ΜΟΝΕΜΒΑΣΙΑΣ,ΜΟΝΕΜΒΑΣΙΑΣ,2020,6827.81,6960,,
6197,ΔΗΜΟΣ ΜΟΣΧΑΤΟΥ - ΤΑΥΡΟΥ,ΜΟΣΧΑΤΟΥ-ΤΑΥΡΟΥ,2020,,,,
6198,ΔΗΜΟΣ ΜΟΥΖΑΚΙΟΥ,ΜΟΥΖΑΚΙΟΥ,2020,,198.4,999.87,
6199,ΔΗΜΟΣ ΜΥΚΗΣ,ΜΥΚΗΣ,2020,475637.56,-2833.59,,
6200,ΔΗΜΟΣ ΜΥΚΟΝΟΥ,ΜΥΚΟΝΟΥ,2020,41178.79,45397.27,,
6201,ΔΗΜΟΣ ΜΥΛΟΠΟΤΑΜΟΥ,ΜΥΛΟΠΟΤΑΜΟΥ,2020,15000,180575.59,10,
100049029,ΔΗΜΟΣ ΜΥΤΙΛΗΝΗΣ,ΜΥΤΙΛΗΝΗΣ,2020,28899,,15486.42,
6202,ΔΗΜΟΣ ΜΩΛΟΥ - ΑΓ. ΚΩΝΣΤΑΝΤΙΝΟΥ,ΜΩΛΟΥ-ΑΓ. ΚΩΝΣΤΑΝΤΙΝΟΥ,2020,,899.87,899.87,
6203,ΔΗΜΟΣ ΝΑΞΟΥ & ΜΙΚΡΩΝ ΚΥΚΛΑΔΩΝ,ΝΑΞΟΥ & ΜΙΚΡΩΝ ΚΥΚΛΑΔΩΝ,2020,2289.04,,,
6204,ΔΗΜΟΣ ΝΑΟΥΣΑΣ,ΝΑΟΥΣΑΣ,2020,,,,
6205,ΔΗΜΟΣ ΝΑΥΠΑΚΤΙΑΣ,ΝΑΥΠΑΚΤΙΑΣ,2020,4873.08,101488.98,35037.79,
6206,ΔΗΜΟΣ ΝΑΥΠΛΙΕΩΝ,ΝΑΥΠΛΙΕΩΝ,2020,,150952.2,71925.66,
6207,ΔΗΜΟΣ ΝΕΑΠΟΛΗΣ - ΣΥΚΕΩΝ,ΝΕΑΠΟΛΗΣ-ΣΥΚΕΩΝ,2020,,,,
6208,ΔΗΜΟΣ ΝΕΑΣ ΖΙΧΝΗΣ,ΝΕΑΣ ΖΙΧΝΗΣ,2020,,564.2,564.19,564.2
6209,ΔΗΜΟΣ ΝΕΑΣ ΙΩΝΙΑΣ,ΝΕΑΣ ΙΩΝΙΑΣ,2020,3991.56,,,
6210,ΔΗΜΟΣ ΝΕΑΣ ΠΡΟΠΟΝΤΙΔΑΣ,ΝΕΑΣ ΠΡΟΠΟΝΤΙΔΑΣ,2020,,,,
6211,ΔΗΜΟΣ ΝΕΑΣ ΣΜΥΡΝΗΣ,ΝΕΑΣ ΣΜΥΡΝΗΣ,2020,19940,,,
100035023,ΔΗΜΟΣ  ΝΕΑΣ  ΦΙΛΑΔΕΛΦΕΙΑΣ - ΝΕΑΣ ΧΑΛΚΗΔΟΝΑΣ, ΝΕΑΣ  ΦΙΛΑΔΕΛΦΕΙΑΣ-ΝΕΑΣ ΧΑΛΚΗΔΟΝΑΣ,2020,48625.36,,,74400
6212,ΔΗΜΟΣ ΝΕΜΕΑΣ,ΝΕΜΕΑΣ,2020,,,,
6213,ΔΗΜΟΣ ΝΕΣΤΟΡΙΟΥ,ΝΕΣΤΟΡΙΟΥ,2020,,,,
6214,ΔΗΜΟΣ ΝΕΣΤΟΥ,ΝΕΣΤΟΥ,2020,1612.9,19000,1955.48,
6215,ΔΗΜΟΣ ΝΙΚΑΙΑΣ - ΑΓΙΟΥ Ι. ΡΕΝΤΗ,ΝΙΚΑΙΑΣ-ΑΓΙΟΥ Ι. ΡΕΝΤΗ,2020,45508,110354.67,,
6216,ΔΗΜΟΣ ΝΙΚΟΛΑΟΥ ΣΚΟΥΦΑ,ΝΙΚΟΛΑΟΥ ΣΚΟΥΦΑ,2020,20360,,18024,
6217,ΔΗΜΟΣ ΝΙΣΥΡΟΥ,ΝΙΣΥΡΟΥ,2020,,,,
100049235,ΔΗΜΟΣ ΝΟΤΙΑΣ ΚΕΡΚΥΡΑΣ,ΝΟΤΙΑΣ ΚΕΡΚΥΡΑΣ,2020,,,,
6218,ΔΗΜΟΣ ΝΟΤΙΑΣ ΚΥΝΟΥΡΙΑΣ,ΝΟΤΙΑΣ ΚΥΝΟΥΡΙΑΣ,2020,16000,,,
6219,ΔΗΜΟΣ ΝΟΤΙΟΥ ΠΗΛΙΟΥ,ΝΟΤΙΟΥ ΠΗΛΙΟΥ,2020,,5997.6,1604.87,
6220,ΔΗΜΟΣ ΞΑΝΘΗΣ,ΞΑΝΘΗΣ,2020,,,,
6221,ΔΗΜΟΣ ΞΗΡΟΜΕΡΟΥ,ΞΗΡΟΜΕΡΟΥ,2020,,,,
6222,ΔΗΜΟΣ ΞΥΛΟΚΑΣΤΡΟΥ - ΕΥΡΩΣΤΙΝΗΣ,ΞΥΛΟΚΑΣΤΡΟΥ-ΕΥΡΩΣΤΙΝΗΣ,2020,,,,
6223,ΔΗΜΟΣ ΟΙΝΟΥΣΣΩΝ,ΟΙΝΟΥΣΣΩΝ,2020,15726.77,15000,14942.87,
6224,ΔΗΜΟΣ ΟΙΧΑΛΙΑΣ,ΟΙΧΑΛΙΑΣ,2020,3310.2,,7460.12,
6225,ΔΗΜΟΣ ΟΡΕΣΤΙΑΔΑΣ,ΟΡΕΣΤΙΑΔΑΣ,2020,1829.95,,439.93,
6227,ΔΗΜΟΣ ΟΡΟΠΕΔΙΟΥ ΛΑΣΙΘΙΟΥ,ΟΡΟΠΕΔΙΟΥ ΛΑΣΙΘΙΟΥ,2020,,83926.43,29289.89,
6228,ΔΗΜΟΣ ΟΡΧΟΜΕΝΟΥ,ΟΡΧΟΜΕΝΟΥ,2020,24408.16,4065.26,,
6229,ΔΗΜΟΣ ΠΑΓΓΑΙΟΥ,ΠΑΓΓΑΙΟΥ,2020,2000,2000,4748.21,
6230,ΔΗΜΟΣ ΠΑΙΑΝΙΑΣ,ΠΑΙΑΝΙΑΣ,2020,,,,
6231,ΔΗΜΟΣ ΠΑΙΟΝΙΑΣ,ΠΑΙΟΝΙΑΣ,2020,3000,,,
6232,ΔΗΜΟΣ ΠΑΛΑΙΟΥ ΦΑΛΗΡΟΥ,ΠΑΛΑΙΟΥ ΦΑΛΗΡΟΥ,2020,,29460,18450.7,
6233,ΔΗΜΟΣ ΠΑΛΑΜΑ,ΠΑΛΑΜΑ,2020,999.9,1000,999.9,
6234,ΔΗΜΟΣ ΠΑΛΛΗΝΗΣ,ΠΑΛΛΗΝΗΣ,2020,235.6,265382.55,159620.56,
6235,ΔΗΜΟΣ ΠΑΞΩΝ,ΠΑΞΩΝ,2020,6820,,28.5,
6236,ΔΗΜΟΣ ΠΑΠΑΓΟΥ - ΧΟΛΑΡΓΟΥ,ΠΑΠΑΓΟΥ-ΧΟΛΑΡΓΟΥ,2020,10913,61361.76,,9895.12
6237,ΔΗΜΟΣ ΠΑΡΑΝΕΣΤΙΟΥ,ΠΑΡΑΝΕΣΤΙΟΥ,2020,,36321.72,,
6238,ΔΗΜΟΣ ΠΑΡΓΑΣ,ΠΑΡΓΑΣ,2020,,,,
6239,ΔΗΜΟΣ ΠΑΡΟΥ,ΠΑΡΟΥ,2020,19317.29,16070.06,94066.46,
6240,ΔΗΜΟΣ ΠΑΤΜΟΥ,ΠΑΤΜΟΥ,2020,,,,
6241,ΔΗΜΟΣ ΠΑΤΡΕΩΝ,ΠΑΤΡΕΩΝ,2020,,246255.79,,
6242,ΔΗΜΟΣ ΠΑΥΛΟΥ ΜΕΛΑ,ΠΑΥΛΟΥ ΜΕΛΑ,2020,,165780.24,27101.14,
6243,ΔΗΜΟΣ ΠΕΙΡΑΙΩΣ,ΠΕΙΡΑΙΩΣ,2020,,,,
6244,ΔΗΜΟΣ ΠΕΛΛΑΣ,ΠΕΛΛΑΣ,2020,2378.94,,2382.66,
6245,ΔΗΜΟΣ ΠΕΝΤΕΛΗΣ,ΠΕΝΤΕΛΗΣ,2020,1019.9,1997.64,,
6246,ΔΗΜΟΣ ΠΕΡΑΜΑΤΟΣ,ΠΕΡΑΜΑΤΟΣ,2020,,9257.84,,
6247,ΔΗΜΟΣ ΠΕΡΙΣΤΕΡΙΟΥ,ΠΕΡΙΣΤΕΡΙΟΥ,2020,2852,,,
6248,ΔΗΜΟΣ ΠΕΤΡΟΥΠΟΛΗΣ,ΠΕΤΡΟΥΠΟΛΗΣ,2020,,251200,51263.48,
6249,ΔΗΜΟΣ ΠΗΝΕΙΟΥ,ΠΗΝΕΙΟΥ,2020,,,,
6250,ΔΗΜΟΣ ΠΛΑΤΑΝΙΑ,ΠΛΑΤΑΝΙΑ,2020,,85946.88,44074.17,
6251,ΔΗΜΟΣ ΠΟΛΥΓΥΡΟΥ,ΠΟΛΥΓΥΡΟΥ,2020,12924.77,,,
6252,ΔΗΜΟΣ ΠΟΡΟΥ,ΠΟΡΟΥ,2020,,,,
6253,ΔΗΜΟΣ ΠΡΕΒΕΖΑΣ,ΠΡΕΒΕΖΑΣ,2020,,,,
6254,ΔΗΜΟΣ ΠΡΕΣΠΩΝ,ΠΡΕΣΠΩΝ,2020,16999.16,,16999.16,
6255,ΔΗΜΟΣ ΠΡΟΣΟΤΣΑΝΗΣ,ΠΡΟΣΟΤΣΑΝΗΣ,2020,,,,
6256,ΔΗΜΟΣ ΠΥΔΝΑΣ - ΚΟΛΙΝΔΡΟΥ,ΠΥΔΝΑΣ-ΚΟΛΙΝΔΡΟΥ,2020,,,,
6257,ΔΗΜΟΣ ΠΥΛΑΙΑΣ - ΧΟΡΤΙΑΤΗ,ΠΥΛΑΙΑΣ-ΧΟΡΤΙΑΤΗ,2020,,,3000,
6258,ΔΗΜΟΣ ΠΥΛΗΣ,ΠΥΛΗΣ,2020,,,,
6259,ΔΗΜΟΣ ΠΥΛΟΥ - ΝΕΣΤΟΡΟΣ,ΠΥΛΟΥ-ΝΕΣΤΟΡΟΣ,2020,,,,
6260,ΔΗΜΟΣ ΠΥΡΓΟΥ,ΠΥΡΓΟΥ,2020,,20000,,310458.8
6261,ΔΗΜΟΣ ΠΩΓΩΝΙΟΥ,ΠΩΓΩΝΙΟΥ,2020,,,,
6262,ΔΗΜΟΣ ΡΑΦΗΝΑΣ - ΠΙΚΕΡΜΙΟΥ,ΡΑΦΗΝΑΣ-ΠΙΚΕΡΜΙΟΥ,2020,,,,937.02
6263,ΔΗΜΟΣ ΡΕΘΥΜΝΗΣ,ΡΕΘΥΜΝΗΣ,2020,4928.5,,15383.46,
6264,ΔΗΜΟΣ ΡΗΓΑ ΦΕΡΑΙΟΥ,ΡΗΓΑ ΦΕΡΑΙΟΥ,2020,,24.8,,
6265,ΔΗΜΟΣ ΡΟΔΟΥ,ΡΟΔΟΥ,2020,9860.48,13283.51,1463.2,
6266,ΔΗΜΟΣ ΣΑΛΑΜΙΝΑΣ,ΣΑΛΑΜΙΝΑΣ,2020,53962,211203.74,71064.4,
100049133,ΔΗΜΟΣ ΣΑΜΗΣ,ΣΑΜΗΣ,2020,,,3000,
6267,ΔΗΜΟΣ ΣΑΜΟΘΡΑΚΗΣ,ΣΑΜΟΘΡΑΚΗΣ,2020,3818.54,,,
6268,ΔΗΜΟΣ ΣΑΜΟΥ,ΣΑΜΟΥ,2020,,,,
6269,ΔΗΜΟΣ ΣΑΡΩΝΙΚΟΥ,ΣΑΡΩΝΙΚΟΥ,2020,,75434.81,,
100048870,ΔΗΜΟΣ ΣΕΡΒΙΩΝ,ΣΕΡΒΙΩΝ,2020,,,,
6270,ΔΗΜΟΣ ΣΕΡΒΙΩΝ - ΒΕΛΒΕΝΤΟΥ,ΣΕΡΒΙΩΝ-ΒΕΛΒΕΝΤΟΥ,2020,,,,
6271,ΔΗΜΟΣ ΣΕΡΙΦΟΥ,ΣΕΡΙΦΟΥ,2020,,,,
6272,ΔΗΜΟΣ ΣΕΡΡΩΝ,ΣΕΡΡΩΝ,2020,,,,
6273,ΔΗΜΟΣ ΣΗΤΕΙΑΣ,ΣΗΤΕΙΑΣ,2020,,-154855.75,324853.27,
6274,ΔΗΜΟΣ ΣΙΘΩΝΙΑΣ,ΣΙΘΩΝΙΑΣ,2020,,,3821.68,
6275,ΔΗΜΟΣ ΣΙΚΙΝΟΥ,ΣΙΚΙΝΟΥ,2020,,,,
6276,ΔΗΜΟΣ ΣΙΚΥΩΝΙΩΝ,ΣΙΚΥΩΝΙΩΝ,2020,,,1869.15,
6277,ΔΗΜΟΣ ΣΙΝΤΙΚΗΣ,ΣΙΝΤΙΚΗΣ,2020,,,,
6278,ΔΗΜΟΣ ΣΙΦΝΟΥ,ΣΙΦΝΟΥ,2020,2739.79,,,
6279,ΔΗΜΟΣ ΣΚΙΑΘΟΥ,ΣΚΙΑΘΟΥ,2020,,13874.3,12513.98,
6280,ΔΗΜΟΣ ΣΚΟΠΕΛΟΥ,ΣΚΟΠΕΛΟΥ,2020,,5849.08,,
6281,ΔΗΜΟΣ ΣΚΥΔΡΑΣ,ΣΚΥΔΡΑΣ,2020,,49600,,
6282,ΔΗΜΟΣ ΣΚΥΡΟΥ,ΣΚΥΡΟΥ,2020,,21726.34,59.4,
6283,ΔΗΜΟΣ ΣΟΥΛΙΟΥ,ΣΟΥΛΙΟΥ,2020,5142.28,8109.6,8109.6,
6284,ΔΗΜΟΣ ΣΟΥΦΛΙΟΥ,ΣΟΥΦΛΙΟΥ,2020,,,,
6285,ΔΗΜΟΣ ΣΟΦΑΔΩΝ,ΣΟΦΑΔΩΝ,2020,2998.16,3000,2998.15,
6286,ΔΗΜΟΣ ΣΠΑΡΤΗΣ,ΣΠΑΡΤΗΣ,2020,16185.94,137976.68,,
6287,ΔΗΜΟΣ ΣΠΑΤΩΝ - ΑΡΤΕΜΙΔΟΣ,ΣΠΑΤΩΝ-ΑΡΤΕΜΙΔΟΣ,2020,9073.95,-12166.88,,
6288,ΔΗΜΟΣ ΣΠΕΤΣΩΝ,ΣΠΕΤΣΩΝ,2020,712.07,,,
6289,ΔΗΜΟΣ ΣΤΥΛΙΔΑΣ,ΣΤΥΛΙΔΑΣ,2020,7130,40359.52,,
6290,ΔΗΜΟΣ ΣΥΜΗΣ,ΣΥΜΗΣ,2020,334.8,29230.75,15675.75,
6291,ΔΗΜΟΣ ΣΥΡΟΥ - ΕΡΜΟΥΠΟΛΗΣ,ΣΥΡΟΥ-ΕΡΜΟΥΠΟΛΗΣ,2020,,,,
6292,ΔΗΜΟΣ ΣΦΑΚΙΩΝ,ΣΦΑΚΙΩΝ,2020,293.07,39213.44,39201.43,
6293,ΔΗΜΟΣ ΤΑΝΑΓΡΑΣ,ΤΑΝΑΓΡΑΣ,2020,,5000,5000,
6294,ΔΗΜΟΣ ΤΕΜΠΩΝ,ΤΕΜΠΩΝ,2020,,,12300,
6295,ΔΗΜΟΣ ΤΗΛΟΥ,ΤΗΛΟΥ,2020,,,,
6296,ΔΗΜΟΣ ΤΗΝΟΥ,ΤΗΝΟΥ,2020,1542.46,4012.54,677.22,
6297,ΔΗΜΟΣ ΤΟΠΕΙΡΟΥ,ΤΟΠΕΙΡΟΥ,2020,9380,-246.75,11631.2,
6298,ΔΗΜΟΣ ΤΡΙΚΚΑΙΩΝ,ΤΡΙΚΚΑΙΩΝ,2020,1933.31,3477.08,,
6299,ΔΗΜΟΣ ΤΡΙΠΟΛΗΣ,ΤΡΙΠΟΛΗΣ,2020,40727.49,40875.3,,
6300,ΔΗΜΟΣ ΤΡΙΦΥΛΙΑΣ,ΤΡΙΦΥΛΙΑΣ,2020,,,,
6301,ΔΗΜΟΣ ΤΡΟΙΖΗΝΙΑΣ - ΜΕΘΑΝΩΝ,ΤΡΟΙΖΗΝΙΑΣ-ΜΕΘΑΝΩΝ,2020,,,,
6302,ΔΗΜΟΣ ΤΥΡΝΑΒΟΥ,ΤΥΡΝΑΒΟΥ,2020,,,,
6303,ΔΗΜΟΣ ΥΔΡΑΣ,ΥΔΡΑΣ,2020,,,,
6304,ΔΗΜΟΣ ΦΑΙΣΤΟΥ,ΦΑΙΣΤΟΥ,2020,,64000,,
6305,ΔΗΜΟΣ ΦΑΡΚΑΔΟΝΑΣ,ΦΑΡΚΑΔΟΝΑΣ,2020,,421.6,,
6306,ΔΗΜΟΣ ΦΑΡΣΑΛΩΝ,ΦΑΡΣΑΛΩΝ,2020,,,,
6307,ΔΗΜΟΣ ΦΙΛΑΔΕΛΦΕΙΑΣ - ΧΑΛΚΗΔΟΝΟΣ,ΦΙΛΑΔΕΛΦΕΙΑΣ-ΧΑΛΚΗΔΟΝΟΣ,2020,,,,
6308,ΔΗΜΟΣ ΦΙΛΙΑΤΩΝ,ΦΙΛΙΑΤΩΝ,2020,,3069.09,1267.77,
6322,ΔΗΜΟΣ ΦΙΛΟΘΕΗΣ - ΨΥΧΙΚΟΥ,ΦΙΛΟΘΕΗΣ-ΨΥΧΙΚΟΥ,2020,,,985.08,
6309,ΔΗΜΟΣ ΦΛΩΡΙΝΑΣ,ΦΛΩΡΙΝΑΣ,2020,,49185.68,,
6310,ΔΗΜΟΣ ΦΟΛΕΓΑΝΔΡΟΥ,ΦΟΛΕΓΑΝΔΡΟΥ,2020,,,,
6311,ΔΗΜΟΣ ΦΟΥΡΝΩΝ ΚΟΡΣΕΩΝ,ΦΟΥΡΝΩΝ ΚΟΡΣΕΩΝ,2020,,,,
6312,ΔΗΜΟΣ ΦΥΛΗΣ,ΦΥΛΗΣ,2020,,158093.84,,
6313,ΔΗΜΟΣ ΧΑΙΔΑΡΙΟΥ,ΧΑΙΔΑΡΙΟΥ,2020,,,,
6314,ΔΗΜΟΣ ΧΑΛΑΝΔΡΙΟΥ,ΧΑΛΑΝΔΡΙΟΥ,2020,20307.48,,13653.63,
6315,ΔΗΜΟΣ ΧΑΛΚΗΔΟΝΟΣ,ΧΑΛΚΗΔΟΝΟΣ,2020,,,,
6316,ΔΗΜΟΣ ΧΑΛΚΗΣ,ΧΑΛΚΗΣ,2020,,,,
6317,ΔΗΜΟΣ ΧΑΛΚΙΔΕΩΝ,ΧΑΛΚΙΔΕΩΝ,2020,2144499.71,,,
6318,ΔΗΜΟΣ ΧΑΝΙΩΝ,ΧΑΝΙΩΝ,2020,,-1965.18,804.88,
6319,ΔΗΜΟΣ ΧΕΡΣΟΝΗΣΟΥ,ΧΕΡΣΟΝΗΣΟΥ,2020,,3500,,
6320,ΔΗΜΟΣ ΧΙΟΥ,ΧΙΟΥ,2020,7440.61,70327.22,31300.25,
6321,ΔΗΜΟΣ ΨΑΡΩΝ,ΨΑΡΩΝ,2020,,,70,
6323,ΔΗΜΟΣ ΩΡΑΙΟΚΑΣΤΡΟΥ,ΩΡΑΙΟΚΑΣΤΡΟΥ,2020,21824,,,
6324,ΔΗΜΟΣ ΩΡΩΠΟΥ,ΩΡΩΠΟΥ,2020,,,108036.14,
100072229,ΕΝΕΡΓΕΙΑΚΗ ΚΟΙΝΟΤΗΤΑ ΑΓΡΙΝΙΟΥ ΣΥΝ ΠΕ,ΕΝΕΡΓΕΙΑΚΗ ΚΟΙΝΟΤΗΤΑ ΑΓΡΙΝΙΟΥ ΣΥΝ ΠΕ,2020,,,,
100059751,ΙΔΙΟΜΟΡΦΗ ΔΗΜΟΤΙΚΗ ΕΠΙΧΕΙΡΗΣΗ ΡΑΔΙΟΦΩΝΙΑΣ ΔΗΜΟΥ ΦΕΡΩΝ,ΙΔΙΟΜΟΡΦΗ ΕΠΙΧΕΙΡΗΣΗ ΡΑΔΙΟΦΩΝΙΑΣ ΦΕΡΩΝ,2020,,,,
6226,ΔΗΜΟ ΑΡΓΟΥΣ ΟΡΕΣΤΙΚΟΥ,ΑΡΓΟΥΣ ΟΡΕΣΤΙΚΟΥ,2019,,,,
6195,ΔΗΜΟΣ AΓΙΟΥ ΝΙΚΟΛΑΟΥ,AΓΙΟΥ ΝΙΚΟΛΑΟΥ,2019,,4165,,
6001,ΔΗΜΟΣ ΑΒΔΗΡΩΝ,ΑΒΔΗΡΩΝ,2019,23280,,,
6002,ΔΗΜΟΣ ΑΓΑΘΟΝΗΣΙΟΥ,ΑΓΑΘΟΝΗΣΙΟΥ,2019,232.1,,,
6003,ΔΗΜΟΣ ΑΓΙΑΣ,ΑΓΙΑΣ,2019,3225.81,,,
6004,ΔΗΜΟΣ ΑΓΙΑΣ ΒΑΡΒΑΡΑΣ,ΑΓΙΑΣ ΒΑΡΒΑΡΑΣ,2019,,,,
6005,ΔΗΜΟΣ ΑΓΙΑΣ ΠΑΡΑΣΚΕΥΗΣ,ΑΓΙΑΣ ΠΑΡΑΣΚΕΥΗΣ,2019,,,,
6006,ΔΗΜΟΣ ΑΓΙΟΥ ΒΑΣΙΛΕΙΟΥ,ΑΓΙΟΥ ΒΑΣΙΛΕΙΟΥ,2019,21056.35,31405.82,17986.36,141800
6007,ΔΗΜΟΣ ΑΓΙΟΥ ΔΗΜΗΤΡΙΟΥ,ΑΓΙΟΥ ΔΗΜΗΤΡΙΟΥ,2019,5997.88,998.08,2880.52,
6008,ΔΗΜΟΣ ΑΓΙΟΥ ΕΥΣΤΡΑΤΙΟΥ,ΑΓΙΟΥ ΕΥΣΤΡΑΤΙΟΥ,2019,1814.48,,3399.93,
6009,ΔΗΜΟΣ ΑΓΙΩΝ ΑΝΑΡΓΥΡΩΝ - ΚΑΜΑΤΕΡΟΥ,ΑΓΙΩΝ ΑΝΑΡΓΥΡΩΝ-ΚΑΜΑΤΕΡΟΥ,2019,,24800,36725.39,
6010,ΔΗΜΟΣ ΑΓΚΙΣΤΡΙΟΥ,ΑΓΚΙΣΤΡΙΟΥ,2019,,,,
6011,ΔΗΜΟΣ ΑΓΡΑΦΩΝ,ΑΓΡΑΦΩΝ,2019,,,,
6012,ΔΗΜΟΣ ΑΓΡΙΝΙΟΥ,ΑΓΡΙΝΙΟΥ,2019,,51739,,
6013,ΔΗΜΟΣ ΑΘΗΝΑΙΩΝ,ΑΘΗΝΑΙΩΝ,2019,,410316,,
6014,ΔΗΜΟΣ ΑΙΓΑΛΕΩ,ΑΙΓΑΛΕΩ,2019,,,,
6015,ΔΗΜΟΣ ΑΙΓΙΑΛΕΙΑΣ,ΑΙΓΙΑΛΕΙΑΣ,2019,52221.58,59237.14,19939.2,
6016,ΔΗΜΟΣ ΑΙΓΙΝΑΣ,ΑΙΓΙΝΑΣ,2019,52328.33,,221.2,
6017,ΔΗΜΟΣ ΑΚΤΙΟΥ - ΒΟΝΙΤΣΑΣ,ΑΚΤΙΟΥ-ΒΟΝΙΤΣΑΣ,2019,,,25484.48,
6018,ΔΗΜΟΣ ΑΛΕΞΑΝΔΡΕΙΑΣ,ΑΛΕΞΑΝΔΡΕΙΑΣ,2019,,,63.52,
6019,ΔΗΜΟΣ ΑΛΕΞΑΝΔΡΟΥΠΟΛΗΣ,ΑΛΕΞΑΝΔΡΟΥΠΟΛΗΣ,2019,,,18002.56,1500
6020,ΔΗΜΟΣ ΑΛΙΑΡΤΟΥ,ΑΛΙΑΡΤΟΥ,2019,1548.76,500,1083.65,
6021,ΔΗΜΟΣ ΑΛΙΜΟΥ,ΑΛΙΜΟΥ,2019,,,,5558.92
6022,ΔΗΜΟΣ ΑΛΜΥΡΟΥ,ΑΛΜΥΡΟΥ,2019,801.54,73304.48,14174.04,
6023,ΔΗΜΟΣ ΑΛΜΩΠΙΑΣ,ΑΛΜΩΠΙΑΣ,2019,,1417.32,1332.28,
6024,ΔΗΜΟΣ ΑΛΟΝΝΗΣΟΥ,ΑΛΟΝΝΗΣΟΥ,2019,,,256.68,
6025,ΔΗΜΟΣ ΑΜΑΡΙΟΥ,ΑΜΑΡΙΟΥ,2019,,5200,1952.4,
6026,ΔΗΜΟΣ ΑΜΑΡΟΥΣΙΟΥ,ΑΜΑΡΟΥΣΙΟΥ,2019,11904,,,
6027,ΔΗΜΟΣ ΑΜΟΡΓΟΥ,ΑΜΟΡΓΟΥ,2019,,9487,,
6028,ΔΗΜΟΣ ΑΜΠΕΛΟΚΗΠΩΝ - ΜΕΝΕΜΕΝΗΣ,ΑΜΠΕΛΟΚΗΠΩΝ-ΜΕΝΕΜΕΝΗΣ,2019,,,,
6029,ΔΗΜΟΣ ΑΜΥΝΤΑΙΟΥ,ΑΜΥΝΤΑΙΟΥ,2019,,,,
6030,ΔΗΜΟΣ ΑΜΦΙΚΛΕΙΑΣ - ΕΛΑΤΕΙΑΣ,ΑΜΦΙΚΛΕΙΑΣ-ΕΛΑΤΕΙΑΣ,2019,,,,
6031,ΔΗΜΟΣ ΑΜΦΙΛΟΧΙΑΣ,ΑΜΦΙΛΟΧΙΑΣ,2019,189.72,-4570,,
6032,ΔΗΜΟΣ ΑΜΦΙΠΟΛΗΣ,ΑΜΦΙΠΟΛΗΣ,2019,2591.6,,20649.72,
6033,ΔΗΜΟΣ ΑΝΑΤΟΛΙΚΗΣ ΜΑΝΗΣ,ΑΝΑΤΟΛΙΚΗΣ ΜΑΝΗΣ,2019,,88169.04,6988.16,
100049544,ΔΗΜΟΣ ΑΝΑΤΟΛΙΚΗΣ ΣΑΜΟΥ,ΑΝΑΤΟΛΙΚΗΣ ΣΑΜΟΥ,2019,,,,
6034,ΔΗΜΟΣ ΑΝΑΦΗΣ,ΑΝΑΦΗΣ,2019,,14600,,
6035,ΔΗΜΟΣ ΑΝΔΡΑΒΙΔΑΣ - ΚΥΛΛΗΝΗΣ,ΑΝΔΡΑΒΙΔΑΣ-ΚΥΛΛΗΝΗΣ,2019,700,36840.38,,
6036,ΔΗΜΟΣ ΑΝΔΡΙΤΣΑΙΝΑΣ - ΚΡΕΣΤΕΝΩΝ,ΑΝΔΡΙΤΣΑΙΝΑΣ-ΚΡΕΣΤΕΝΩΝ,2019,,,,
6037,ΔΗΜΟΣ ΑΝΔΡΟΥ,ΑΝΔΡΟΥ,2019,,,,
6038,ΔΗΜΟΣ ΑΝΤΙΠΑΡΟΥ,ΑΝΤΙΠΑΡΟΥ,2019,,583.8,,
6039,ΔΗΜΟΣ ΑΝΩΓΕΙΩΝ,ΑΝΩΓΕΙΩΝ,2019,11160,14435.43,14151.94,
6040,ΔΗΜΟΣ ΑΠΟΚΟΡΩΝΟΥ,ΑΠΟΚΟΡΩΝΟΥ,2019,,,,
6041,ΔΗΜΟΣ ΑΡΓΙΘΕΑΣ,ΑΡΓΙΘΕΑΣ,2019,,,,
100049102,ΔΗΜΟΣ ΑΡΓΟΣΤΟΛΙΟΥ,ΑΡΓΟΣΤΟΛΙΟΥ,2019,,,20630.5,
6042,ΔΗΜΟΣ ΑΡΓΟΥΣ - ΜΥΚΗΝΩΝ,ΑΡΓΟΥΣ-ΜΥΚΗΝΩΝ,2019,18238.85,,,
6043,ΔΗΜΟΣ ΑΡΙΣΤΟΤΕΛΗ,ΑΡΙΣΤΟΤΕΛΗ,2019,,,,
6044,ΔΗΜΟΣ ΑΡΡΙΑΝΩΝ,ΑΡΡΙΑΝΩΝ,2019,,45600,28861.57,
6045,ΔΗΜΟΣ ΑΡΤΑΙΩΝ,ΑΡΤΑΙΩΝ,2019,8907.08,-10743.71,26415.39,
6046,ΔΗΜΟΣ ΑΡΧΑΙΑΣ ΟΛΥΜΠΙΑΣ,ΑΡΧΑΙΑΣ ΟΛΥΜΠΙΑΣ,2019,,,,
6047,ΔΗΜΟΣ ΑΡΧΑΝΩΝ - ΑΣΤΕΡΟΥΣΙΩΝ,ΑΡΧΑΝΩΝ-ΑΣΤΕΡΟΥΣΙΩΝ,2019,1282.08,1282.08,,
6048,ΔΗΜΟΣ ΑΣΠΡΟΠΥΡΓΟΥ,ΑΣΠΡΟΠΥΡΓΟΥ,2019,,29800,,
6049,ΔΗΜΟΣ ΑΣΤΥΠΑΛΑΙΑΣ,ΑΣΤΥΠΑΛΑΙΑΣ,2019,19890.53,5000,16851.08,
6050,ΔΗΜΟΣ ΑΧΑΡΝΩΝ,ΑΧΑΡΝΩΝ,2019,,-18855.01,,
6051,ΔΗΜΟΣ ΒΑΡΗΣ - ΒΟΥΛΑΣ - ΒΟΥΛΙΑΓΜΕΝΗΣ,ΒΑΡΗΣ-ΒΟΥΛΑΣ-ΒΟΥΛΙΑΓΜΕΝΗΣ,2019,,,,
100048875,ΔΗΜΟΣ ΒΕΛΒΕΝΤΟΥ,ΒΕΛΒΕΝΤΟΥ,2019,,,,
6052,ΔΗΜΟΣ ΒΕΛΟΥ - ΒΟΧΑΣ,ΒΕΛΟΥ-ΒΟΧΑΣ,2019,43540.12,,,
6053,ΔΗΜΟΣ ΒΕΡΟΙΑΣ,ΒΕΡΟΙΑΣ,2019,5989.2,,911.4,34212.1
6054,ΔΗΜΟΣ ΒΙΑΝΝΟΥ,ΒΙΑΝΝΟΥ,2019,,,,
6055,ΔΗΜΟΣ ΒΙΣΑΛΤΙΑΣ,ΒΙΣΑΛΤΙΑΣ,2019,,,,
6056,ΔΗΜΟΣ ΒΟΙΟΥ,ΒΟΙΟΥ,2019,,99000,,
6057,ΔΗΜΟΣ ΒΟΛΒΗΣ,ΒΟΛΒΗΣ,2019,65794.4,,,
6058,ΔΗΜΟΣ ΒΟΛΟΥ,ΒΟΛΟΥ,2019,2735.81,,13640.36,169.88
100049339,ΔΗΜΟΣ ΒΟΡΕΙΑΣ ΚΕΡΚΥΡΑΣ,ΒΟΡΕΙΑΣ ΚΕΡΚΥΡΑΣ,2019,,,,
6059,ΔΗΜΟΣ ΒΟΡΕΙΑΣ ΚΥΝΟΥΡΙΑΣ,ΒΟΡΕΙΑΣ ΚΥΝΟΥΡΙΑΣ,2019,,23603.4,47343.2,
6060,ΔΗΜΟΣ ΒΟΡΕΙΩΝ ΤΖΟΥΜΕΡΚΩΝ,ΒΟΡΕΙΩΝ ΤΖΟΥΜΕΡΚΩΝ,2019,5703.99,,,
6061,ΔΗΜΟΣ ΒΡΙΛΗΣΣΙΩΝ,ΒΡΙΛΗΣΣΙΩΝ,2019,,,,
6062,ΔΗΜΟΣ ΒΥΡΩΝΟΣ,ΒΥΡΩΝΟΣ,2019,,,,
6063,ΔΗΜΟΣ ΓΑΛΑΤΣΙΟΥ,ΓΑΛΑΤΣΙΟΥ,2019,,2320.11,1608.35,
6064,ΔΗΜΟΣ ΓΑΥΔΟΥ,ΓΑΥΔΟΥ,2019,,,,
6065,ΔΗΜΟΣ ΓΕΩΡΓΙΟΥ ΚΑΡΑΙΣΚΑΚΗ,ΓΕΩΡΓΙΟΥ ΚΑΡΑΙΣΚΑΚΗ,2019,83521.2,,,
6066,ΔΗΜΟΣ ΓΛΥΦΑΔΑΣ,ΓΛΥΦΑΔΑΣ,2019,,,,
6067,ΔΗΜΟΣ ΓΟΡΤΥΝΑΣ,ΓΟΡΤΥΝΑΣ,2019,,130547.2,,
6068,ΔΗΜΟΣ ΓΟΡΤΥΝΙΑΣ,ΓΟΡΤΥΝΙΑΣ,2019,,,,
6069,ΔΗΜΟΣ ΓΡΕΒΕΝΩΝ,ΓΡΕΒΕΝΩΝ,2019,22158.18,,,
6070,ΔΗΜΟΣ ΔΑΦΝΗΣ - ΥΜΗΤΤΟΥ,ΔΑΦΝΗΣ-ΥΜΗΤΤΟΥ,2019,,2370.64,2143.36,
6071,ΔΗΜΟΣ ΔΕΛΤΑ,ΔΕΛΤΑ,2019,,,,
6072,ΔΗΜΟΣ ΔΕΛΦΩΝ,ΔΕΛΦΩΝ,2019,2877.68,4698.66,4698.66,
6073,ΔΗΜΟΣ ΔΕΣΚΑΤΗΣ,ΔΕΣΚΑΤΗΣ,2019,,,,
6074,ΔΗΜΟΣ ΔΙΔΥΜΟΤΕΙΧΟΥ,ΔΙΔΥΜΟΤΕΙΧΟΥ,2019,,,,
6075,ΔΗΜΟΣ ΔΙΟΝΥΣΟΥ,ΔΙΟΝΥΣΟΥ,2019,,,,
6076,ΔΗΜΟΣ ΔΙΟΥ - ΟΛΥΜΠΟΥ,ΔΙΟΥ-ΟΛΥΜΠΟΥ,2019,6992.36,,118.5,
6077,ΔΗΜΟΣ ΔΙΡΦΥΩΝ - ΜΕΣΣΑΠΙΩΝ,ΔΙΡΦΥΩΝ-ΜΕΣΣΑΠΙΩΝ,2019,3225.74,6707.95,,
6078,ΔΗΜΟΣ ΔΙΣΤΟΜΟΥ-ΑΡΑΧΟΒΑΣ - ΑΝΤΙΚΥΡΑΣ,ΔΙΣΤΟΜΟΥ-ΑΡΑΧΟΒΑΣ-ΑΝΤΙΚΥΡΑΣ,2019,,,,
6079,ΔΗΜΟΣ ΔΟΜΟΚΟΥ,ΔΟΜΟΚΟΥ,2019,,,,
6080,ΔΗΜΟΣ ΔΟΞΑΤΟΥ,ΔΟΞΑΤΟΥ,2019,38727.83,43409.4,2483.22,
6081,ΔΗΜΟΣ ΔΡΑΜΑΣ,ΔΡΑΜΑΣ,2019,,3937,,
6082,ΔΗΜΟΣ ΔΥΤΙΚΗΣ ΑΧΑΙΑΣ,ΔΥΤΙΚΗΣ ΑΧΑΙΑΣ,2019,,,,
100049040,ΔΗΜΟΣ ΔΥΤΙΚΗΣ ΛΕΣΒΟΥ,ΔΥΤΙΚΗΣ ΛΕΣΒΟΥ,2019,,,,
6083,ΔΗΜΟΣ ΔΥΤΙΚΗΣ ΜΑΝΗΣ,ΔΥΤΙΚΗΣ ΜΑΝΗΣ,2019,,,,
100049554,ΔΗΜΟΣ ΔΥΤΙΚΗΣ ΣΑΜΟΥ,ΔΥΤΙΚΗΣ ΣΑΜΟΥ,2019,,,,
6084,ΔΗΜΟΣ ΔΩΔΩΝΗΣ,ΔΩΔΩΝΗΣ,2019,816,5500,,
6085,ΔΗΜΟΣ ΔΩΡΙΔΟΣ,ΔΩΡΙΔΟΣ,2019,,,72552.4,
6086,ΔΗΜΟΣ ΕΔΕΣΣΑΣ,ΕΔΕΣΣΑΣ,2019,6828.27,,6903.89,
6087,ΔΗΜΟΣ ΕΛΑΣΣΟΝΑΣ,ΕΛΑΣΣΟΝΑΣ,2019,,,,
6088,ΔΗΜΟΣ ΕΛΑΦΟΝΗΣΟΥ,ΕΛΑΦΟΝΗΣΟΥ,2019,,,,
6089,ΔΗΜΟΣ ΕΛΕΥΣΙΝΑΣ,ΕΛΕΥΣΙΝΑΣ,2019,,,,
6090,ΔΗΜΟΣ ΕΛΛΗΝΙΚΟΥ - ΑΡΓΥΡΟΥΠΟΛΗΣ,ΕΛΛΗΝΙΚΟΥ-ΑΡΓΥΡΟΥΠΟΛΗΣ,2019,,,35748.84,
6091,ΔΗΜΟΣ ΕΜΜΑΝΟΥΗΛ ΠΑΠΠΑ,ΕΜΜΑΝΟΥΗΛ ΠΑΠΠΑ,2019,923.01,,,
6092,ΔΗΜΟΣ ΕΟΡΔΑΙΑΣ,ΕΟΡΔΑΙΑΣ,2019,,62923.65,,
6093,ΔΗΜΟΣ ΕΠΙΔΑΥΡΟΥ,ΕΠΙΔΑΥΡΟΥ,2019,,,,
6094,ΔΗΜΟΣ ΕΡΕΤΡΙΑΣ,ΕΡΕΤΡΙΑΣ,2019,,10715.2,,
6095,ΔΗΜΟΣ ΕΡΜΙΟΝΙΔΑΣ,ΕΡΜΙΟΝΙΔΑΣ,2019,,27931.15,27356.95,
6096,ΔΗΜΟΣ ΕΡΥΜΑΝΘΟΥ,ΕΡΥΜΑΝΘΟΥ,2019,,-4234.6,,
6097,ΔΗΜΟΣ ΕΥΡΩΤΑ,ΕΥΡΩΤΑ,2019,4236.94,50000,,
6098,ΔΗΜΟΣ ΖΑΓΟΡΑΣ - ΜΟΥΡΕΣΙΟΥ,ΖΑΓΟΡΑΣ-ΜΟΥΡΕΣΙΟΥ,2019,37309.4,,,487.44
6099,ΔΗΜΟΣ ΖΑΓΟΡΙΟΥ,ΖΑΓΟΡΙΟΥ,2019,946,,,
6100,ΔΗΜΟΣ ΖΑΚΥΝΘΟΥ,ΖΑΚΥΝΘΟΥ,2019,,,,
6101,ΔΗΜΟΣ ΖΑΧΑΡΩΣ,ΖΑΧΑΡΩΣ,2019,,,,
6102,ΔΗΜΟΣ ΖΗΡΟΥ,ΖΗΡΟΥ,2019,,,,
6103,ΔΗΜΟΣ ΖΙΤΣΑΣ,ΖΙΤΣΑΣ,2019,444.36,,451.36,
6104,ΔΗΜΟΣ ΖΩΓΡΑΦΟΥ,ΖΩΓΡΑΦΟΥ,2019,,,,
6105,ΔΗΜΟΣ ΗΓΟΥΜΕΝΙΤΣΑΣ,ΗΓΟΥΜΕΝΙΤΣΑΣ,2019,620,,816.4,
6106,ΔΗΜΟΣ ΗΛΙΔΑΣ,ΗΛΙΔΑΣ,2019,,10415.45,,
6107,ΔΗΜΟΣ ΗΛΙΟΥΠΟΛΗΣ,ΗΛΙΟΥΠΟΛΗΣ,2019,,53148.23,11293.49,
6108,ΔΗΜΟΣ ΗΡΑΚΛΕΙΑΣ,ΗΡΑΚΛΕΙΑΣ,2019,,,,
6109,ΔΗΜΟΣ ΗΡΑΚΛΕΙΟΥ,ΗΡΑΚΛΕΙΟΥ,2019,,-116.56,8619.07,
6325,ΔΗΜΟΣ ΗΡΑΚΛΕΙΟΥ (ΚΡΗΤΗΣ),ΗΡΑΚΛΕΙΟΥ (ΚΡΗΤΗΣ),2019,1761.5,2475.04,1110.68,
6110,ΔΗΜΟΣ ΘΑΣΟΥ,ΘΑΣΟΥ,2019,,24685.96,29032.33,
6111,ΔΗΜΟΣ ΘΕΡΜΑΙΚΟΥ,ΘΕΡΜΑΙΚΟΥ,2019,900,,,
6112,ΔΗΜΟΣ ΘΕΡΜΗΣ,ΘΕΡΜΗΣ,2019,,,,32627.85
6113,ΔΗΜΟΣ ΘΕΡΜΟΥ,ΘΕΡΜΟΥ,2019,14777.18,140,,
6114,ΔΗΜΟΣ ΘΕΣΣΑΛΟΝΙΚΗΣ,ΘΕΣΣΑΛΟΝΙΚΗΣ,2019,,,,
6115,ΔΗΜΟΣ ΘΗΒΑΙΩΝ,ΘΗΒΑΙΩΝ,2019,,,,
6116,ΔΗΜΟΣ ΘΗΡΑΣ,ΘΗΡΑΣ,2019,675.8,,,
6117,ΔΗΜΟΣ ΙΑΣΜΟΥ,ΙΑΣΜΟΥ,2019,,786.33,786.33,
6118,ΔΗΜΟΣ ΙΕΡΑΠΕΤΡΑΣ,ΙΕΡΑΠΕΤΡΑΣ,2019,,,,4270.56
6119,ΔΗΜΟΣ ΙΕΡΑΣ ΠΟΛΗΣ ΜΕΣΟΛΟΓΓΙΟΥ,ΙΕΡΑΣ ΠΟΛΗΣ ΜΕΣΟΛΟΓΓΙΟΥ,2019,,,,
6120,ΔΗΜΟΣ ΙΗΤΩΝ,ΙΗΤΩΝ,2019,,,,
6121,ΔΗΜΟΣ ΙΘΑΚΗΣ,ΙΘΑΚΗΣ,2019,,,,
6122,ΔΗΜΟΣ ΙΚΑΡΙΑΣ,ΙΚΑΡΙΑΣ,2019,,,,
6123,ΔΗΜΟΣ ΙΛΙΟΥ,ΙΛΙΟΥ,2019,,,,
6124,ΔΗΜΟΣ ΙΣΤΙΑΙΑΣ - ΑΙΔΗΨΟΥ,ΙΣΤΙΑΙΑΣ-ΑΙΔΗΨΟΥ,2019,57184.6,42929.8,,
6125,ΔΗΜΟΣ ΙΩΑΝΝΙΤΩΝ,ΙΩΑΝΝΙΤΩΝ,2019,,,,
6126,ΔΗΜΟΣ ΚΑΒΑΛΑΣ,ΚΑΒΑΛΑΣ,2019,6875.67,,,
6127,ΔΗΜΟΣ ΚΑΙΣΑΡΙΑΝΗΣ,ΚΑΙΣΑΡΙΑΝΗΣ,2019,1306.34,1382.6,,
6128,ΔΗΜΟΣ ΚΑΛΑΒΡΥΤΩΝ,ΚΑΛΑΒΡΥΤΩΝ,2019,,590,,
6129,ΔΗΜΟΣ ΚΑΛΑΜΑΡΙΑΣ,ΚΑΛΑΜΑΡΙΑΣ,2019,,,9529.4,
6130,ΔΗΜΟΣ ΚΑΛΑΜΑΤΑΣ,ΚΑΛΑΜΑΤΑΣ,2019,2803.64,,,
6131,ΔΗΜΟΣ ΚΑΛΑΜΠΑΚΑΣ,ΚΑΛΑΜΠΑΚΑΣ,2019,311.43,175.03,,
6132,ΔΗΜΟΣ ΚΑΛΛΙΘΕΑΣ,ΚΑΛΛΙΘΕΑΣ,2019,,,,
6133,ΔΗΜΟΣ ΚΑΛΥΜΝΙΩΝ,ΚΑΛΥΜΝΙΩΝ,2019,,12000,,
6134,ΔΗΜΟΣ ΚΑΝΤΑΝΟΥ - ΣΕΛΙΝΟΥ,ΚΑΝΤΑΝΟΥ-ΣΕΛΙΝΟΥ,2019,76.88,,,
6135,ΔΗΜΟΣ ΚΑΡΔΙΤΣΑΣ,ΚΑΡΔΙΤΣΑΣ,2019,,2158.16,,
6136,ΔΗΜΟΣ ΚΑΡΠΑΘΟΥ,ΚΑΡΠΑΘΟΥ,2019,,,,
6137,ΔΗΜΟΣ ΚΑΡΠΕΝΗΣΙΟΥ,ΚΑΡΠΕΝΗΣΙΟΥ,2019,3716.9,80212.45,246.4,
6138,ΔΗΜΟΣ ΚΑΡΥΣΤΟΥ,ΚΑΡΥΣΤΟΥ,2019,,,,
6139,ΔΗΜΟΣ ΚΑΣΟΥ,ΚΑΣΟΥ,2019,,,,
6140,ΔΗΜΟΣ ΚΑΣΣΑΝΔΡΑΣ,ΚΑΣΣΑΝΔΡΑΣ,2019,1223.88,24000,27225.74,
6141,ΔΗΜΟΣ ΚΑΣΤΟΡΙΑΣ,ΚΑΣΤΟΡΙΑΣ,2019,,,13890.06,
6142,ΔΗΜΟΣ ΚΑΤΕΡΙΝΗΣ,ΚΑΤΕΡΙΝΗΣ,2019,,,,
6143,ΔΗΜΟΣ ΚΑΤΩ ΝΕΥΡΟΚΟΠΙΟΥ,ΚΑΤΩ ΝΕΥΡΟΚΟΠΙΟΥ,2019,,,1535.24,
6144,ΔΗΜΟΣ ΚΕΑΣ,ΚΕΑΣ,2019,19113.23,,,
100049209,ΔΗΜΟΣ ΚΕΝΤΡΙΚΗΣ ΚΕΡΚΥΡΑΣ ΚΑΙ ΔΙΑΠΟΝΤΙΩΝ ΝΗΣΩΝ,ΚΕΝΤΡΙΚΗΣ ΚΕΡΚΥΡΑΣ ΚΑΙ ΔΙΑΠΟΝΤΙΩΝ ΝΗΣΩΝ,2019,,,,
6145,ΔΗΜΟΣ ΚΕΝΤΡΙΚΩΝ ΤΖΟΥΜΕΡΚΩΝ,ΚΕΝΤΡΙΚΩΝ ΤΖΟΥΜΕΡΚΩΝ,2019,20000,20400,24442.6,
6146,ΔΗΜΟΣ ΚΕΡΑΤΣΙΝΙΟΥ - ΔΡΑΠΕΤΣΩΝΑΣ,ΚΕΡΑΤΣΙΝΙΟΥ-ΔΡΑΠΕΤΣΩΝΑΣ,2019,,,36835.44,
6147,ΔΗΜΟΣ ΚΕΡΚΥΡΑΣ,ΚΕΡΚΥΡΑΣ,2019,,,,
6148,ΔΗΜΟΣ ΚΕΦΑΛΟΝΙΑΣ,ΚΕΦΑΛΟΝΙΑΣ,2019,110397.2,110500,78897.2,
6149,ΔΗΜΟΣ ΚΗΦΙΣΙΑΣ,ΚΗΦΙΣΙΑΣ,2019,16601,24769.08,,
6150,ΔΗΜΟΣ ΚΙΛΕΛΕΡ,ΚΙΛΕΛΕΡ,2019,2901.6,,,
6151,ΔΗΜΟΣ ΚΙΛΚΙΣ,ΚΙΛΚΙΣ,2019,,,,
6152,ΔΗΜΟΣ ΚΙΜΩΛΟΥ,ΚΙΜΩΛΟΥ,2019,,,,
6153,ΔΗΜΟΣ ΚΙΣΣΑΜΟΥ,ΚΙΣΣΑΜΟΥ,2019,49614.24,,49384.24,
6154,ΔΗΜΟΣ ΚΟΖΑΝΗΣ,ΚΟΖΑΝΗΣ,2019,,,,
6155,ΔΗΜΟΣ ΚΟΜΟΤΗΝΗΣ,ΚΟΜΟΤΗΝΗΣ,2019,9668.45,,1822.8,1822.8
6156,ΔΗΜΟΣ ΚΟΝΙΤΣΑΣ,ΚΟΝΙΤΣΑΣ,2019,,,,
6157,ΔΗΜΟΣ ΚΟΡΔΕΛΙΟΥ - ΕΥΟΣΜΟΥ,ΚΟΡΔΕΛΙΟΥ-ΕΥΟΣΜΟΥ,2019,,,,
6158,ΔΗΜΟΣ ΚΟΡΙΝΘΙΩΝ,ΚΟΡΙΝΘΙΩΝ,2019,,,1821.45,
6159,ΔΗΜΟΣ ΚΟΡΥΔΑΛΛΟΥ,ΚΟΡΥΔΑΛΛΟΥ,2019,61134.56,51600,26497.2,
6160,ΔΗΜΟΣ ΚΡΩΠΙΑΣ,ΚΡΩΠΙΑΣ,2019,,37464.46,32591.43,
6161,ΔΗΜΟΣ ΚΥΘΗΡΩΝ,ΚΥΘΗΡΩΝ,2019,,,,
6162,ΔΗΜΟΣ ΚΥΘΝΟΥ,ΚΥΘΝΟΥ,2019,670.84,,,
6163,ΔΗΜΟΣ ΚΥΜΗΣ - ΑΛΙΒΕΡΙΟΥ,ΚΥΜΗΣ-ΑΛΙΒΕΡΙΟΥ,2019,,5000,713.4,
6164,ΔΗΜΟΣ ΚΩ,ΚΩ,2019,,,,
6165,ΔΗΜΟΣ ΛΑΓΚΑΔΑ,ΛΑΓΚΑΔΑ,2019,2410.56,,,
6166,ΔΗΜΟΣ ΛΑΜΙΕΩΝ,ΛΑΜΙΕΩΝ,2019,,46425.6,15363.6,7861.6
6167,ΔΗΜΟΣ ΛΑΡΙΣΑΙΩΝ,ΛΑΡΙΣΑΙΩΝ,2019,,,,
6168,ΔΗΜΟΣ ΛΑΥΡΕΩΤΙΚΗΣ,ΛΑΥΡΕΩΤΙΚΗΣ,2019,9598.89,3661.62,,
6169,ΔΗΜΟΣ ΛΕΒΑΔΕΩΝ,ΛΕΒΑΔΕΩΝ,2019,,,75432.95,
6170,ΔΗΜΟΣ ΛΕΙΨΩΝ,ΛΕΙΨΩΝ,2019,,-42.4,,
6171,ΔΗΜΟΣ ΛΕΡΟΥ,ΛΕΡΟΥ,2019,,40022.96,10474.75,
6172,ΔΗΜΟΣ ΛΕΣΒΟΥ,ΛΕΣΒΟΥ,2019,,,,
6173,ΔΗΜΟΣ ΛΕΥΚΑΔΑΣ,ΛΕΥΚΑΔΑΣ,2019,147509.03,180815.08,,
6174,ΔΗΜΟΣ ΛΗΜΝΟΥ,ΛΗΜΝΟΥ,2019,11606.22,,14945.37,
100049127,ΔΗΜΟΣ ΛΗΞΟΥΡΙΟΥ,ΛΗΞΟΥΡΙΟΥ,2019,,,,
6175,ΔΗΜΟΣ ΛΙΜΝΗΣ ΠΛΑΣΤΗΡΑ,ΛΙΜΝΗΣ ΠΛΑΣΤΗΡΑ,2019,2595.32,3255,,
6176,ΔΗΜΟΣ ΛΟΚΡΩΝ,ΛΟΚΡΩΝ,2019,1196.97,498.32,,
6177,ΔΗΜΟΣ ΛΟΥΤΡΑΚΙΟΥ - ΠΕΡΑΧΩΡΑΣ - ΑΓΙΩΝ ΘΕΟΔΩΡΩΝ,ΛΟΥΤΡΑΚΙΟΥ-ΠΕΡΑΧΩΡΑΣ-ΑΓΙΩΝ ΘΕΟΔΩΡΩΝ,2019,,55943.28,747.72,
6178,ΔΗΜΟΣ ΛΥΚΟΒΡΥΣΗΣ - ΠΕΥΚΗΣ,ΛΥΚΟΒΡΥΣΗΣ-ΠΕΥΚΗΣ,2019,,,,
6179,ΔΗΜΟΣ ΜΑΚΡΑΚΩΜΗΣ,ΜΑΚΡΑΚΩΜΗΣ,2019,,23990.16,63825.16,
6180,ΔΗΜΟΣ ΜΑΛΕΒΙΖΙΟΥ,ΜΑΛΕΒΙΖΙΟΥ,2019,,,,
6181,ΔΗΜΟΣ ΜΑΝΔΡΑΣ - ΕΙΔΥΛΛΙΑΣ,ΜΑΝΔΡΑΣ-ΕΙΔΥΛΛΙΑΣ,2019,,,,
6182,ΔΗΜΟΣ ΜΑΝΤΟΥΔΙΟΥ - ΛΙΜΝΗΣ - ΑΓΙΑΣ ΑΝΝΑΣ,ΜΑΝΤΟΥΔΙΟΥ-ΛΙΜΝΗΣ-ΑΓΙΑΣ ΑΝΝΑΣ,2019,,,23504.2,
6183,ΔΗΜΟΣ ΜΑΡΑΘΩΝΟΣ,ΜΑΡΑΘΩΝΟΣ,2019,6471.19,,,
6184,ΔΗΜΟΣ ΜΑΡΚΟΠΟΥΛΟΥ ΜΕΣΟΓΑΙΑΣ,ΜΑΡΚΟΠΟΥΛΟΥ ΜΕΣΟΓΑΙΑΣ,2019,,13590,,
6185,ΔΗΜΟΣ ΜΑΡΩΝΕΙΑΣ - ΣΑΠΩΝ,ΜΑΡΩΝΕΙΑΣ-ΣΑΠΩΝ,2019,,,,
6186,ΔΗΜΟΣ ΜΕΓΑΛΟΠΟΛΗΣ,ΜΕΓΑΛΟΠΟΛΗΣ,2019,,,,
6187,ΔΗΜΟΣ ΜΕΓΑΝΗΣΙΟΥ,ΜΕΓΑΝΗΣΙΟΥ,2019,,,,
6188,ΔΗΜΟΣ ΜΕΓΑΡΕΩΝ,ΜΕΓΑΡΕΩΝ,2019,,,,
6189,ΔΗΜΟΣ ΜΕΓΙΣΤΗΣ,ΜΕΓΙΣΤΗΣ,2019,,,,
6190,ΔΗΜΟΣ ΜΕΣΣΗΝΗΣ,ΜΕΣΣΗΝΗΣ,2019,,5599.84,8493.81,
6191,ΔΗΜΟΣ ΜΕΤΑΜΟΡΦΩΣΗΣ,ΜΕΤΑΜΟΡΦΩΣΗΣ,2019,,,,
100062933,ΔΗΜΟΣ ΜΕΤΕΩΡΩΝ,ΜΕΤΕΩΡΩΝ,2019,,,,
6192,ΔΗΜΟΣ ΜΕΤΣΟΒΟΥ,ΜΕΤΣΟΒΟΥ,2019,,,,
6193,ΔΗΜΟΣ ΜΗΛΟΥ,ΜΗΛΟΥ,2019,,,,267.5
6194,ΔΗΜΟΣ ΜΙΝΩΑ ΠΕΔΙΑΔΑΣ,ΜΙΝΩΑ ΠΕΔΙΑΔΑΣ,2019,,,,
6196,ΔΗΜΟΣ ΜΟΝΕΜΒΑΣΙΑΣ,ΜΟΝΕΜΒΑΣΙΑΣ,2019,5225.36,4000,,
6197,ΔΗΜΟΣ ΜΟΣΧΑΤΟΥ - ΤΑΥΡΟΥ,ΜΟΣΧΑΤΟΥ-ΤΑΥΡΟΥ,2019,,,,
6198,ΔΗΜΟΣ ΜΟΥΖΑΚΙΟΥ,ΜΟΥΖΑΚΙΟΥ,2019,,31000,,
6199,ΔΗΜΟΣ ΜΥΚΗΣ,ΜΥΚΗΣ,2019,,8060,,
6200,ΔΗΜΟΣ ΜΥΚΟΝΟΥ,ΜΥΚΟΝΟΥ,2019,3103.1,23806.76,,
6201,ΔΗΜΟΣ ΜΥΛΟΠΟΤΑΜΟΥ,ΜΥΛΟΠΟΤΑΜΟΥ,2019,15000,15275.28,275.28,
100049029,ΔΗΜΟΣ ΜΥΤΙΛΗΝΗΣ,ΜΥΤΙΛΗΝΗΣ,2019,,,,
6202,ΔΗΜΟΣ ΜΩΛΟΥ - ΑΓ. ΚΩΝΣΤΑΝΤΙΝΟΥ,ΜΩΛΟΥ-ΑΓ. ΚΩΝΣΤΑΝΤΙΝΟΥ,2019,,311.86,109.12,
6203,ΔΗΜΟΣ ΝΑΞΟΥ & ΜΙΚΡΩΝ ΚΥΚΛΑΔΩΝ,ΝΑΞΟΥ & ΜΙΚΡΩΝ ΚΥΚΛΑΔΩΝ,2019,5003,,,217
6204,ΔΗΜΟΣ ΝΑΟΥΣΑΣ,ΝΑΟΥΣΑΣ,2019,,,,
6205,ΔΗΜΟΣ ΝΑΥΠΑΚΤΙΑΣ,ΝΑΥΠΑΚΤΙΑΣ,2019,,100815.1,36582.76,
6206,ΔΗΜΟΣ ΝΑΥΠΛΙΕΩΝ,ΝΑΥΠΛΙΕΩΝ,2019,,94629.04,48841.55,
6207,ΔΗΜΟΣ ΝΕΑΠΟΛΗΣ - ΣΥΚΕΩΝ,ΝΕΑΠΟΛΗΣ-ΣΥΚΕΩΝ,2019,3968,,,
6208,ΔΗΜΟΣ ΝΕΑΣ ΖΙΧΝΗΣ,ΝΕΑΣ ΖΙΧΝΗΣ,2019,,474,466.1,
6209,ΔΗΜΟΣ ΝΕΑΣ ΙΩΝΙΑΣ,ΝΕΑΣ ΙΩΝΙΑΣ,2019,,,,
6210,ΔΗΜΟΣ ΝΕΑΣ ΠΡΟΠΟΝΤΙΔΑΣ,ΝΕΑΣ ΠΡΟΠΟΝΤΙΔΑΣ,2019,,,,
6211,ΔΗΜΟΣ ΝΕΑΣ ΣΜΥΡΝΗΣ,ΝΕΑΣ ΣΜΥΡΝΗΣ,2019,,,,
100035023,ΔΗΜΟΣ  ΝΕΑΣ  ΦΙΛΑΔΕΛΦΕΙΑΣ - ΝΕΑΣ ΧΑΛΚΗΔΟΝΑΣ, ΝΕΑΣ  ΦΙΛΑΔΕΛΦΕΙΑΣ-ΝΕΑΣ ΧΑΛΚΗΔΟΝΑΣ,2019,21605.76,,,
6212,ΔΗΜΟΣ ΝΕΜΕΑΣ,ΝΕΜΕΑΣ,2019,499.94,,,
6213,ΔΗΜΟΣ ΝΕΣΤΟΡΙΟΥ,ΝΕΣΤΟΡΙΟΥ,2019,,,,
6214,ΔΗΜΟΣ ΝΕΣΤΟΥ,ΝΕΣΤΟΥ,2019,,44558.16,17773.86,2829.68
6215,ΔΗΜΟΣ ΝΙΚΑΙΑΣ - ΑΓΙΟΥ Ι. ΡΕΝΤΗ,ΝΙΚΑΙΑΣ-ΑΓΙΟΥ Ι. ΡΕΝΤΗ,2019,,29000.38,,
6216,ΔΗΜΟΣ ΝΙΚΟΛΑΟΥ ΣΚΟΥΦΑ,ΝΙΚΟΛΑΟΥ ΣΚΟΥΦΑ,2019,20600,,5100,
6217,ΔΗΜΟΣ ΝΙΣΥΡΟΥ,ΝΙΣΥΡΟΥ,2019,,,,
100049235,ΔΗΜΟΣ ΝΟΤΙΑΣ ΚΕΡΚΥΡΑΣ,ΝΟΤΙΑΣ ΚΕΡΚΥΡΑΣ,2019,,,,
6218,ΔΗΜΟΣ ΝΟΤΙΑΣ ΚΥΝΟΥΡΙΑΣ,ΝΟΤΙΑΣ ΚΥΝΟΥΡΙΑΣ,2019,54854.8,,7199.59,
6219,ΔΗΜΟΣ ΝΟΤΙΟΥ ΠΗΛΙΟΥ,ΝΟΤΙΟΥ ΠΗΛΙΟΥ,2019,239.2,209.37,317.87,
6220,ΔΗΜΟΣ ΞΑΝΘΗΣ,ΞΑΝΘΗΣ,2019,,,,
6221,ΔΗΜΟΣ ΞΗΡΟΜΕΡΟΥ,ΞΗΡΟΜΕΡΟΥ,2019,,,,
6222,ΔΗΜΟΣ ΞΥΛΟΚΑΣΤΡΟΥ - ΕΥΡΩΣΤΙΝΗΣ,ΞΥΛΟΚΑΣΤΡΟΥ-ΕΥΡΩΣΤΙΝΗΣ,2019,,,,
6223,ΔΗΜΟΣ ΟΙΝΟΥΣΣΩΝ,ΟΙΝΟΥΣΣΩΝ,2019,,900,,
6224,ΔΗΜΟΣ ΟΙΧΑΛΙΑΣ,ΟΙΧΑΛΙΑΣ,2019,2440.39,,620,
6225,ΔΗΜΟΣ ΟΡΕΣΤΙΑΔΑΣ,ΟΡΕΣΤΙΑΔΑΣ,2019,4937.68,,5029.18,
6227,ΔΗΜΟΣ ΟΡΟΠΕΔΙΟΥ ΛΑΣΙΘΙΟΥ,ΟΡΟΠΕΔΙΟΥ ΛΑΣΙΘΙΟΥ,2019,,87351.31,,
6228,ΔΗΜΟΣ ΟΡΧΟΜΕΝΟΥ,ΟΡΧΟΜΕΝΟΥ,2019,17908.69,,,
6229,ΔΗΜΟΣ ΠΑΓΓΑΙΟΥ,ΠΑΓΓΑΙΟΥ,2019,4334.17,4624.4,1585.96,
6230,ΔΗΜΟΣ ΠΑΙΑΝΙΑΣ,ΠΑΙΑΝΙΑΣ,2019,,52500,,
6231,ΔΗΜΟΣ ΠΑΙΟΝΙΑΣ,ΠΑΙΟΝΙΑΣ,2019,3000,,,
6232,ΔΗΜΟΣ ΠΑΛΑΙΟΥ ΦΑΛΗΡΟΥ,ΠΑΛΑΙΟΥ ΦΑΛΗΡΟΥ,2019,8787.14,6498.51,21750.41,
6233,ΔΗΜΟΣ ΠΑΛΑΜΑ,ΠΑΛΑΜΑ,2019,999.9,1000,999.9,
6234,ΔΗΜΟΣ ΠΑΛΛΗΝΗΣ,ΠΑΛΛΗΝΗΣ,2019,1603.32,307263.21,67008.16,
6235,ΔΗΜΟΣ ΠΑΞΩΝ,ΠΑΞΩΝ,2019,,,,
6236,ΔΗΜΟΣ ΠΑΠΑΓΟΥ - ΧΟΛΑΡΓΟΥ,ΠΑΠΑΓΟΥ-ΧΟΛΑΡΓΟΥ,2019,2359.1,2480,,2998.68
6237,ΔΗΜΟΣ ΠΑΡΑΝΕΣΤΙΟΥ,ΠΑΡΑΝΕΣΤΙΟΥ,2019,,,,
6238,ΔΗΜΟΣ ΠΑΡΓΑΣ,ΠΑΡΓΑΣ,2019,,,28408.4,
6239,ΔΗΜΟΣ ΠΑΡΟΥ,ΠΑΡΟΥ,2019,25361.85,25723.12,23493.65,
6240,ΔΗΜΟΣ ΠΑΤΜΟΥ,ΠΑΤΜΟΥ,2019,,,1964.99,
6241,ΔΗΜΟΣ ΠΑΤΡΕΩΝ,ΠΑΤΡΕΩΝ,2019,,17779.14,20,
6242,ΔΗΜΟΣ ΠΑΥΛΟΥ ΜΕΛΑ,ΠΑΥΛΟΥ ΜΕΛΑ,2019,24782.64,85679.04,54299.98,
6243,ΔΗΜΟΣ ΠΕΙΡΑΙΩΣ,ΠΕΙΡΑΙΩΣ,2019,,,,
6244,ΔΗΜΟΣ ΠΕΛΛΑΣ,ΠΕΛΛΑΣ,2019,1515.28,,486.08,
6245,ΔΗΜΟΣ ΠΕΝΤΕΛΗΣ,ΠΕΝΤΕΛΗΣ,2019,,1997.64,,
6246,ΔΗΜΟΣ ΠΕΡΑΜΑΤΟΣ,ΠΕΡΑΜΑΤΟΣ,2019,,,,
6247,ΔΗΜΟΣ ΠΕΡΙΣΤΕΡΙΟΥ,ΠΕΡΙΣΤΕΡΙΟΥ,2019,2802.4,,,
6248,ΔΗΜΟΣ ΠΕΤΡΟΥΠΟΛΗΣ,ΠΕΤΡΟΥΠΟΛΗΣ,2019,,70949,2920.2,
6249,ΔΗΜΟΣ ΠΗΝΕΙΟΥ,ΠΗΝΕΙΟΥ,2019,,,,
6250,ΔΗΜΟΣ ΠΛΑΤΑΝΙΑ,ΠΛΑΤΑΝΙΑ,2019,1805.9,226171.04,171908.3,
6251,ΔΗΜΟΣ ΠΟΛΥΓΥΡΟΥ,ΠΟΛΥΓΥΡΟΥ,2019,8220.1,,,
6252,ΔΗΜΟΣ ΠΟΡΟΥ,ΠΟΡΟΥ,2019,,,,
6253,ΔΗΜΟΣ ΠΡΕΒΕΖΑΣ,ΠΡΕΒΕΖΑΣ,2019,2265.48,,,
6254,ΔΗΜΟΣ ΠΡΕΣΠΩΝ,ΠΡΕΣΠΩΝ,2019,,,,
6255,ΔΗΜΟΣ ΠΡΟΣΟΤΣΑΝΗΣ,ΠΡΟΣΟΤΣΑΝΗΣ,2019,,24800,,
6256,ΔΗΜΟΣ ΠΥΔΝΑΣ - ΚΟΛΙΝΔΡΟΥ,ΠΥΔΝΑΣ-ΚΟΛΙΝΔΡΟΥ,2019,,,,
6257,ΔΗΜΟΣ ΠΥΛΑΙΑΣ - ΧΟΡΤΙΑΤΗ,ΠΥΛΑΙΑΣ-ΧΟΡΤΙΑΤΗ,2019,,,10079.8,
6258,ΔΗΜΟΣ ΠΥΛΗΣ,ΠΥΛΗΣ,2019,,,,
6259,ΔΗΜΟΣ ΠΥΛΟΥ - ΝΕΣΤΟΡΟΣ,ΠΥΛΟΥ-ΝΕΣΤΟΡΟΣ,2019,,,,
6260,ΔΗΜΟΣ ΠΥΡΓΟΥ,ΠΥΡΓΟΥ,2019,,7964.52,,
6261,ΔΗΜΟΣ ΠΩΓΩΝΙΟΥ,ΠΩΓΩΝΙΟΥ,2019,,,,
6262,ΔΗΜΟΣ ΡΑΦΗΝΑΣ - ΠΙΚΕΡΜΙΟΥ,ΡΑΦΗΝΑΣ-ΠΙΚΕΡΜΙΟΥ,2019,,,,
6263,ΔΗΜΟΣ ΡΕΘΥΜΝΗΣ,ΡΕΘΥΜΝΗΣ,2019,,,,
6264,ΔΗΜΟΣ ΡΗΓΑ ΦΕΡΑΙΟΥ,ΡΗΓΑ ΦΕΡΑΙΟΥ,2019,47.74,-3927,,
6265,ΔΗΜΟΣ ΡΟΔΟΥ,ΡΟΔΟΥ,2019,,390732.96,26996.35,
6266,ΔΗΜΟΣ ΣΑΛΑΜΙΝΑΣ,ΣΑΛΑΜΙΝΑΣ,2019,,13995.26,21483.32,
100049133,ΔΗΜΟΣ ΣΑΜΗΣ,ΣΑΜΗΣ,2019,,,,
6267,ΔΗΜΟΣ ΣΑΜΟΘΡΑΚΗΣ,ΣΑΜΟΘΡΑΚΗΣ,2019,156388,,1563.5,
6268,ΔΗΜΟΣ ΣΑΜΟΥ,ΣΑΜΟΥ,2019,,,,
6269,ΔΗΜΟΣ ΣΑΡΩΝΙΚΟΥ,ΣΑΡΩΝΙΚΟΥ,2019,,101634.86,,
100048870,ΔΗΜΟΣ ΣΕΡΒΙΩΝ,ΣΕΡΒΙΩΝ,2019,,,,
6270,ΔΗΜΟΣ ΣΕΡΒΙΩΝ - ΒΕΛΒΕΝΤΟΥ,ΣΕΡΒΙΩΝ-ΒΕΛΒΕΝΤΟΥ,2019,,,,
6271,ΔΗΜΟΣ ΣΕΡΙΦΟΥ,ΣΕΡΙΦΟΥ,2019,,,,
6272,ΔΗΜΟΣ ΣΕΡΡΩΝ,ΣΕΡΡΩΝ,2019,,,,
6273,ΔΗΜΟΣ ΣΗΤΕΙΑΣ,ΣΗΤΕΙΑΣ,2019,,102758.98,1629.78,
6274,ΔΗΜΟΣ ΣΙΘΩΝΙΑΣ,ΣΙΘΩΝΙΑΣ,2019,,,12644.28,
6275,ΔΗΜΟΣ ΣΙΚΙΝΟΥ,ΣΙΚΙΝΟΥ,2019,,,,
6276,ΔΗΜΟΣ ΣΙΚΥΩΝΙΩΝ,ΣΙΚΥΩΝΙΩΝ,2019,,,,
6277,ΔΗΜΟΣ ΣΙΝΤΙΚΗΣ,ΣΙΝΤΙΚΗΣ,2019,14185.6,,14185.6,
6278,ΔΗΜΟΣ ΣΙΦΝΟΥ,ΣΙΦΝΟΥ,2019,,11000,,
6279,ΔΗΜΟΣ ΣΚΙΑΘΟΥ,ΣΚΙΑΘΟΥ,2019,,-2677.2,446.34,
6280,ΔΗΜΟΣ ΣΚΟΠΕΛΟΥ,ΣΚΟΠΕΛΟΥ,2019,8723.4,8725,,
6281,ΔΗΜΟΣ ΣΚΥΔΡΑΣ,ΣΚΥΔΡΑΣ,2019,,,,
6282,ΔΗΜΟΣ ΣΚΥΡΟΥ,ΣΚΥΡΟΥ,2019,,1849.31,46.35,
6283,ΔΗΜΟΣ ΣΟΥΛΙΟΥ,ΣΟΥΛΙΟΥ,2019,6144.2,15829.1,15829.1,
6284,ΔΗΜΟΣ ΣΟΥΦΛΙΟΥ,ΣΟΥΦΛΙΟΥ,2019,,,,
6285,ΔΗΜΟΣ ΣΟΦΑΔΩΝ,ΣΟΦΑΔΩΝ,2019,1000,1000,1000,
6286,ΔΗΜΟΣ ΣΠΑΡΤΗΣ,ΣΠΑΡΤΗΣ,2019,13177.71,141883.07,,
6287,ΔΗΜΟΣ ΣΠΑΤΩΝ - ΑΡΤΕΜΙΔΟΣ,ΣΠΑΤΩΝ-ΑΡΤΕΜΙΔΟΣ,2019,,41354.36,,
6288,ΔΗΜΟΣ ΣΠΕΤΣΩΝ,ΣΠΕΤΣΩΝ,2019,,,,
6289,ΔΗΜΟΣ ΣΤΥΛΙΔΑΣ,ΣΤΥΛΙΔΑΣ,2019,7588.8,7600,7588.8,
6290,ΔΗΜΟΣ ΣΥΜΗΣ,ΣΥΜΗΣ,2019,341,27239.63,8185.5,4118.04
6291,ΔΗΜΟΣ ΣΥΡΟΥ - ΕΡΜΟΥΠΟΛΗΣ,ΣΥΡΟΥ-ΕΡΜΟΥΠΟΛΗΣ,2019,,229.48,,
6292,ΔΗΜΟΣ ΣΦΑΚΙΩΝ,ΣΦΑΚΙΩΝ,2019,20762.56,42993.92,42975.92,
6293,ΔΗΜΟΣ ΤΑΝΑΓΡΑΣ,ΤΑΝΑΓΡΑΣ,2019,,3000,3000,
6294,ΔΗΜΟΣ ΤΕΜΠΩΝ,ΤΕΜΠΩΝ,2019,14260,,,
6295,ΔΗΜΟΣ ΤΗΛΟΥ,ΤΗΛΟΥ,2019,,,,
6296,ΔΗΜΟΣ ΤΗΝΟΥ,ΤΗΝΟΥ,2019,1198.77,6158.82,1198.76,
6297,ΔΗΜΟΣ ΤΟΠΕΙΡΟΥ,ΤΟΠΕΙΡΟΥ,2019,18760,-122.05,23096.24,
6298,ΔΗΜΟΣ ΤΡΙΚΚΑΙΩΝ,ΤΡΙΚΚΑΙΩΝ,2019,606.34,2010.7,,
6299,ΔΗΜΟΣ ΤΡΙΠΟΛΗΣ,ΤΡΙΠΟΛΗΣ,2019,25671.22,71847.95,53358.44,
6300,ΔΗΜΟΣ ΤΡΙΦΥΛΙΑΣ,ΤΡΙΦΥΛΙΑΣ,2019,,,,
6301,ΔΗΜΟΣ ΤΡΟΙΖΗΝΙΑΣ - ΜΕΘΑΝΩΝ,ΤΡΟΙΖΗΝΙΑΣ-ΜΕΘΑΝΩΝ,2019,,,,
6302,ΔΗΜΟΣ ΤΥΡΝΑΒΟΥ,ΤΥΡΝΑΒΟΥ,2019,,,,
6303,ΔΗΜΟΣ ΥΔΡΑΣ,ΥΔΡΑΣ,2019,,,,
6304,ΔΗΜΟΣ ΦΑΙΣΤΟΥ,ΦΑΙΣΤΟΥ,2019,,3700.53,,
6305,ΔΗΜΟΣ ΦΑΡΚΑΔΟΝΑΣ,ΦΑΡΚΑΔΟΝΑΣ,2019,,21657.1,,
6306,ΔΗΜΟΣ ΦΑΡΣΑΛΩΝ,ΦΑΡΣΑΛΩΝ,2019,21057.18,,,
6307,ΔΗΜΟΣ ΦΙΛΑΔΕΛΦΕΙΑΣ - ΧΑΛΚΗΔΟΝΟΣ,ΦΙΛΑΔΕΛΦΕΙΑΣ-ΧΑΛΚΗΔΟΝΟΣ,2019,,,,
6308,ΔΗΜΟΣ ΦΙΛΙΑΤΩΝ,ΦΙΛΙΑΤΩΝ,2019,,3869.39,3903.3,
6322,ΔΗΜΟΣ ΦΙΛΟΘΕΗΣ - ΨΥΧΙΚΟΥ,ΦΙΛΟΘΕΗΣ-ΨΥΧΙΚΟΥ,2019,,,,
6309,ΔΗΜΟΣ ΦΛΩΡΙΝΑΣ,ΦΛΩΡΙΝΑΣ,2019,,32171.1,,
6310,ΔΗΜΟΣ ΦΟΛΕΓΑΝΔΡΟΥ,ΦΟΛΕΓΑΝΔΡΟΥ,2019,,,,
6311,ΔΗΜΟΣ ΦΟΥΡΝΩΝ ΚΟΡΣΕΩΝ,ΦΟΥΡΝΩΝ ΚΟΡΣΕΩΝ,2019,,,,
6312,ΔΗΜΟΣ ΦΥΛΗΣ,ΦΥΛΗΣ,2019,,-322.6,,
6313,ΔΗΜΟΣ ΧΑΙΔΑΡΙΟΥ,ΧΑΙΔΑΡΙΟΥ,2019,,,,
6314,ΔΗΜΟΣ ΧΑΛΑΝΔΡΙΟΥ,ΧΑΛΑΝΔΡΙΟΥ,2019,,,19210.08,
6315,ΔΗΜΟΣ ΧΑΛΚΗΔΟΝΟΣ,ΧΑΛΚΗΔΟΝΟΣ,2019,,,,
6316,ΔΗΜΟΣ ΧΑΛΚΗΣ,ΧΑΛΚΗΣ,2019,,,,
6317,ΔΗΜΟΣ ΧΑΛΚΙΔΕΩΝ,ΧΑΛΚΙΔΕΩΝ,2019,,4500,,
6318,ΔΗΜΟΣ ΧΑΝΙΩΝ,ΧΑΝΙΩΝ,2019,,40683.06,,
6319,ΔΗΜΟΣ ΧΕΡΣΟΝΗΣΟΥ,ΧΕΡΣΟΝΗΣΟΥ,2019,,3500,,
6320,ΔΗΜΟΣ ΧΙΟΥ,ΧΙΟΥ,2019,595.61,20228.31,34281.82,
6321,ΔΗΜΟΣ ΨΑΡΩΝ,ΨΑΡΩΝ,2019,,,,
6323,ΔΗΜΟΣ ΩΡΑΙΟΚΑΣΤΡΟΥ,ΩΡΑΙΟΚΑΣΤΡΟΥ,2019,,,,
6324,ΔΗΜΟΣ ΩΡΩΠΟΥ,ΩΡΩΠΟΥ,2019,,,,
100072229,ΕΝΕΡΓΕΙΑΚΗ ΚΟΙΝΟΤΗΤΑ ΑΓΡΙΝΙΟΥ ΣΥΝ ΠΕ,ΕΝΕΡΓΕΙΑΚΗ ΚΟΙΝΟΤΗΤΑ ΑΓΡΙΝΙΟΥ ΣΥΝ ΠΕ,2019,,,,
100059751,ΙΔΙΟΜΟΡΦΗ ΔΗΜΟΤΙΚΗ ΕΠΙΧΕΙΡΗΣΗ ΡΑΔΙΟΦΩΝΙΑΣ ΔΗΜΟΥ ΦΕΡΩΝ,ΙΔΙΟΜΟΡΦΗ ΕΠΙΧΕΙΡΗΣΗ ΡΑΔΙΟΦΩΝΙΑΣ ΦΕΡΩΝ,2019,,,,
6226,ΔΗΜΟ ΑΡΓΟΥΣ ΟΡΕΣΤΙΚΟΥ,ΑΡΓΟΥΣ ΟΡΕΣΤΙΚΟΥ,2018,,,,
6195,ΔΗΜΟΣ AΓΙΟΥ ΝΙΚΟΛΑΟΥ,AΓΙΟΥ ΝΙΚΟΛΑΟΥ,2018,,,,
6001,ΔΗΜΟΣ ΑΒΔΗΡΩΝ,ΑΒΔΗΡΩΝ,2018,,,,
6002,ΔΗΜΟΣ ΑΓΑΘΟΝΗΣΙΟΥ,ΑΓΑΘΟΝΗΣΙΟΥ,2018,,,,
6003,ΔΗΜΟΣ ΑΓΙΑΣ,ΑΓΙΑΣ,2018,,,,
6004,ΔΗΜΟΣ ΑΓΙΑΣ ΒΑΡΒΑΡΑΣ,ΑΓΙΑΣ ΒΑΡΒΑΡΑΣ,2018,,,,
6005,ΔΗΜΟΣ ΑΓΙΑΣ ΠΑΡΑΣΚΕΥΗΣ,ΑΓΙΑΣ ΠΑΡΑΣΚΕΥΗΣ,2018,,,,
6006,ΔΗΜΟΣ ΑΓΙΟΥ ΒΑΣΙΛΕΙΟΥ,ΑΓΙΟΥ ΒΑΣΙΛΕΙΟΥ,2018,,,,
6007,ΔΗΜΟΣ ΑΓΙΟΥ ΔΗΜΗΤΡΙΟΥ,ΑΓΙΟΥ ΔΗΜΗΤΡΙΟΥ,2018,,,,
6008,ΔΗΜΟΣ ΑΓΙΟΥ ΕΥΣΤΡΑΤΙΟΥ,ΑΓΙΟΥ ΕΥΣΤΡΑΤΙΟΥ,2018,,,,
6009,ΔΗΜΟΣ ΑΓΙΩΝ ΑΝΑΡΓΥΡΩΝ - ΚΑΜΑΤΕΡΟΥ,ΑΓΙΩΝ ΑΝΑΡΓΥΡΩΝ-ΚΑΜΑΤΕΡΟΥ,2018,,,,
6010,ΔΗΜΟΣ ΑΓΚΙΣΤΡΙΟΥ,ΑΓΚΙΣΤΡΙΟΥ,2018,,,,
6011,ΔΗΜΟΣ ΑΓΡΑΦΩΝ,ΑΓΡΑΦΩΝ,2018,,,,
6012,ΔΗΜΟΣ ΑΓΡΙΝΙΟΥ,ΑΓΡΙΝΙΟΥ,2018,,,,
6013,ΔΗΜΟΣ ΑΘΗΝΑΙΩΝ,ΑΘΗΝΑΙΩΝ,2018,,,,
6014,ΔΗΜΟΣ ΑΙΓΑΛΕΩ,ΑΙΓΑΛΕΩ,2018,,,,
6015,ΔΗΜΟΣ ΑΙΓΙΑΛΕΙΑΣ,ΑΙΓΙΑΛΕΙΑΣ,2018,,,,
6016,ΔΗΜΟΣ ΑΙΓΙΝΑΣ,ΑΙΓΙΝΑΣ,2018,,,,
6017,ΔΗΜΟΣ ΑΚΤΙΟΥ - ΒΟΝΙΤΣΑΣ,ΑΚΤΙΟΥ-ΒΟΝΙΤΣΑΣ,2018,,,,
6018,ΔΗΜΟΣ ΑΛΕΞΑΝΔΡΕΙΑΣ,ΑΛΕΞΑΝΔΡΕΙΑΣ,2018,,,,
6019,ΔΗΜΟΣ ΑΛΕΞΑΝΔΡΟΥΠΟΛΗΣ,ΑΛΕΞΑΝΔΡΟΥΠΟΛΗΣ,2018,,,,
6020,ΔΗΜΟΣ ΑΛΙΑΡΤΟΥ,ΑΛΙΑΡΤΟΥ,2018,,,,
6021,ΔΗΜΟΣ ΑΛΙΜΟΥ,ΑΛΙΜΟΥ,2018,,,,
6022,ΔΗΜΟΣ ΑΛΜΥΡΟΥ,ΑΛΜΥΡΟΥ,2018,,,,
6023,ΔΗΜΟΣ ΑΛΜΩΠΙΑΣ,ΑΛΜΩΠΙΑΣ,2018,,,,
6024,ΔΗΜΟΣ ΑΛΟΝΝΗΣΟΥ,ΑΛΟΝΝΗΣΟΥ,2018,,,,
6025,ΔΗΜΟΣ ΑΜΑΡΙΟΥ,ΑΜΑΡΙΟΥ,2018,,,,
6026,ΔΗΜΟΣ ΑΜΑΡΟΥΣΙΟΥ,ΑΜΑΡΟΥΣΙΟΥ,2018,,,,
6027,ΔΗΜΟΣ ΑΜΟΡΓΟΥ,ΑΜΟΡΓΟΥ,2018,,,,
6028,ΔΗΜΟΣ ΑΜΠΕΛΟΚΗΠΩΝ - ΜΕΝΕΜΕΝΗΣ,ΑΜΠΕΛΟΚΗΠΩΝ-ΜΕΝΕΜΕΝΗΣ,2018,,,,
6029,ΔΗΜΟΣ ΑΜΥΝΤΑΙΟΥ,ΑΜΥΝΤΑΙΟΥ,2018,,,,
6030,ΔΗΜΟΣ ΑΜΦΙΚΛΕΙΑΣ - ΕΛΑΤΕΙΑΣ,ΑΜΦΙΚΛΕΙΑΣ-ΕΛΑΤΕΙΑΣ,2018,,,,
6031,ΔΗΜΟΣ ΑΜΦΙΛΟΧΙΑΣ,ΑΜΦΙΛΟΧΙΑΣ,2018,,,,
6032,ΔΗΜΟΣ ΑΜΦΙΠΟΛΗΣ,ΑΜΦΙΠΟΛΗΣ,2018,,,,
6033,ΔΗΜΟΣ ΑΝΑΤΟΛΙΚΗΣ ΜΑΝΗΣ,ΑΝΑΤΟΛΙΚΗΣ ΜΑΝΗΣ,2018,,,,
100049544,ΔΗΜΟΣ ΑΝΑΤΟΛΙΚΗΣ ΣΑΜΟΥ,ΑΝΑΤΟΛΙΚΗΣ ΣΑΜΟΥ,2018,,,,
6034,ΔΗΜΟΣ ΑΝΑΦΗΣ,ΑΝΑΦΗΣ,2018,,,,
6035,ΔΗΜΟΣ ΑΝΔΡΑΒΙΔΑΣ - ΚΥΛΛΗΝΗΣ,ΑΝΔΡΑΒΙΔΑΣ-ΚΥΛΛΗΝΗΣ,2018,,,,
6036,ΔΗΜΟΣ ΑΝΔΡΙΤΣΑΙΝΑΣ - ΚΡΕΣΤΕΝΩΝ,ΑΝΔΡΙΤΣΑΙΝΑΣ-ΚΡΕΣΤΕΝΩΝ,2018,,,,
6037,ΔΗΜΟΣ ΑΝΔΡΟΥ,ΑΝΔΡΟΥ,2018,,,,
6038,ΔΗΜΟΣ ΑΝΤΙΠΑΡΟΥ,ΑΝΤΙΠΑΡΟΥ,2018,,,,
6039,ΔΗΜΟΣ ΑΝΩΓΕΙΩΝ,ΑΝΩΓΕΙΩΝ,2018,,,,
6040,ΔΗΜΟΣ ΑΠΟΚΟΡΩΝΟΥ,ΑΠΟΚΟΡΩΝΟΥ,2018,,,,
6041,ΔΗΜΟΣ ΑΡΓΙΘΕΑΣ,ΑΡΓΙΘΕΑΣ,2018,,,,
100049102,ΔΗΜΟΣ ΑΡΓΟΣΤΟΛΙΟΥ,ΑΡΓΟΣΤΟΛΙΟΥ,2018,,,,
6042,ΔΗΜΟΣ ΑΡΓΟΥΣ - ΜΥΚΗΝΩΝ,ΑΡΓΟΥΣ-ΜΥΚΗΝΩΝ,2018,,,,
6043,ΔΗΜΟΣ ΑΡΙΣΤΟΤΕΛΗ,ΑΡΙΣΤΟΤΕΛΗ,2018,,,,
6044,ΔΗΜΟΣ ΑΡΡΙΑΝΩΝ,ΑΡΡΙΑΝΩΝ,2018,,,,
6045,ΔΗΜΟΣ ΑΡΤΑΙΩΝ,ΑΡΤΑΙΩΝ,2018,,,,
6046,ΔΗΜΟΣ ΑΡΧΑΙΑΣ ΟΛΥΜΠΙΑΣ,ΑΡΧΑΙΑΣ ΟΛΥΜΠΙΑΣ,2018,,,,
6047,ΔΗΜΟΣ ΑΡΧΑΝΩΝ - ΑΣΤΕΡΟΥΣΙΩΝ,ΑΡΧΑΝΩΝ-ΑΣΤΕΡΟΥΣΙΩΝ,2018,,,,
6048,ΔΗΜΟΣ ΑΣΠΡΟΠΥΡΓΟΥ,ΑΣΠΡΟΠΥΡΓΟΥ,2018,,,,
6049,ΔΗΜΟΣ ΑΣΤΥΠΑΛΑΙΑΣ,ΑΣΤΥΠΑΛΑΙΑΣ,2018,,,,
6050,ΔΗΜΟΣ ΑΧΑΡΝΩΝ,ΑΧΑΡΝΩΝ,2018,,,,
6051,ΔΗΜΟΣ ΒΑΡΗΣ - ΒΟΥΛΑΣ - ΒΟΥΛΙΑΓΜΕΝΗΣ,ΒΑΡΗΣ-ΒΟΥΛΑΣ-ΒΟΥΛΙΑΓΜΕΝΗΣ,2018,,,,
100048875,ΔΗΜΟΣ ΒΕΛΒΕΝΤΟΥ,ΒΕΛΒΕΝΤΟΥ,2018,,,,
6052,ΔΗΜΟΣ ΒΕΛΟΥ - ΒΟΧΑΣ,ΒΕΛΟΥ-ΒΟΧΑΣ,2018,,,,
6053,ΔΗΜΟΣ ΒΕΡΟΙΑΣ,ΒΕΡΟΙΑΣ,2018,,,,
6054,ΔΗΜΟΣ ΒΙΑΝΝΟΥ,ΒΙΑΝΝΟΥ,2018,,,,
6055,ΔΗΜΟΣ ΒΙΣΑΛΤΙΑΣ,ΒΙΣΑΛΤΙΑΣ,2018,,,,
6056,ΔΗΜΟΣ ΒΟΙΟΥ,ΒΟΙΟΥ,2018,,,,
6057,ΔΗΜΟΣ ΒΟΛΒΗΣ,ΒΟΛΒΗΣ,2018,,,,
6058,ΔΗΜΟΣ ΒΟΛΟΥ,ΒΟΛΟΥ,2018,,,,
100049339,ΔΗΜΟΣ ΒΟΡΕΙΑΣ ΚΕΡΚΥΡΑΣ,ΒΟΡΕΙΑΣ ΚΕΡΚΥΡΑΣ,2018,,,,
6059,ΔΗΜΟΣ ΒΟΡΕΙΑΣ ΚΥΝΟΥΡΙΑΣ,ΒΟΡΕΙΑΣ ΚΥΝΟΥΡΙΑΣ,2018,,,,
6060,ΔΗΜΟΣ ΒΟΡΕΙΩΝ ΤΖΟΥΜΕΡΚΩΝ,ΒΟΡΕΙΩΝ ΤΖΟΥΜΕΡΚΩΝ,2018,,,,
6061,ΔΗΜΟΣ ΒΡΙΛΗΣΣΙΩΝ,ΒΡΙΛΗΣΣΙΩΝ,2018,,,,
6062,ΔΗΜΟΣ ΒΥΡΩΝΟΣ,ΒΥΡΩΝΟΣ,2018,,,,
6063,ΔΗΜΟΣ ΓΑΛΑΤΣΙΟΥ,ΓΑΛΑΤΣΙΟΥ,2018,,,,
6064,ΔΗΜΟΣ ΓΑΥΔΟΥ,ΓΑΥΔΟΥ,2018,,,,
6065,ΔΗΜΟΣ ΓΕΩΡΓΙΟΥ ΚΑΡΑΙΣΚΑΚΗ,ΓΕΩΡΓΙΟΥ ΚΑΡΑΙΣΚΑΚΗ,2018,,,,
6066,ΔΗΜΟΣ ΓΛΥΦΑΔΑΣ,ΓΛΥΦΑΔΑΣ,2018,,,,
6067,ΔΗΜΟΣ ΓΟΡΤΥΝΑΣ,ΓΟΡΤΥΝΑΣ,2018,,,,
6068,ΔΗΜΟΣ ΓΟΡΤΥΝΙΑΣ,ΓΟΡΤΥΝΙΑΣ,2018,,,,
6069,ΔΗΜΟΣ ΓΡΕΒΕΝΩΝ,ΓΡΕΒΕΝΩΝ,2018,,,,
6070,ΔΗΜΟΣ ΔΑΦΝΗΣ - ΥΜΗΤΤΟΥ,ΔΑΦΝΗΣ-ΥΜΗΤΤΟΥ,2018,,,,
6071,ΔΗΜΟΣ ΔΕΛΤΑ,ΔΕΛΤΑ,2018,,,,
6072,ΔΗΜΟΣ ΔΕΛΦΩΝ,ΔΕΛΦΩΝ,2018,,,,
6073,ΔΗΜΟΣ ΔΕΣΚΑΤΗΣ,ΔΕΣΚΑΤΗΣ,2018,,,,
6074,ΔΗΜΟΣ ΔΙΔΥΜΟΤΕΙΧΟΥ,ΔΙΔΥΜΟΤΕΙΧΟΥ,2018,,,,
6075,ΔΗΜΟΣ ΔΙΟΝΥΣΟΥ,ΔΙΟΝΥΣΟΥ,2018,,,,
6076,ΔΗΜΟΣ ΔΙΟΥ - ΟΛΥΜΠΟΥ,ΔΙΟΥ-ΟΛΥΜΠΟΥ,2018,,,,
6077,ΔΗΜΟΣ ΔΙΡΦΥΩΝ - ΜΕΣΣΑΠΙΩΝ,ΔΙΡΦΥΩΝ-ΜΕΣΣΑΠΙΩΝ,2018,,,,
6078,ΔΗΜΟΣ ΔΙΣΤΟΜΟΥ-ΑΡΑΧΟΒΑΣ - ΑΝΤΙΚΥΡΑΣ,ΔΙΣΤΟΜΟΥ-ΑΡΑΧΟΒΑΣ-ΑΝΤΙΚΥΡΑΣ,2018,,,,
6079,ΔΗΜΟΣ ΔΟΜΟΚΟΥ,ΔΟΜΟΚΟΥ,2018,,,,
6080,ΔΗΜΟΣ ΔΟΞΑΤΟΥ,ΔΟΞΑΤΟΥ,2018,,,,
6081,ΔΗΜΟΣ ΔΡΑΜΑΣ,ΔΡΑΜΑΣ,2018,,,,
6082,ΔΗΜΟΣ ΔΥΤΙΚΗΣ ΑΧΑΙΑΣ,ΔΥΤΙΚΗΣ ΑΧΑΙΑΣ,2018,,,,
100049040,ΔΗΜΟΣ ΔΥΤΙΚΗΣ ΛΕΣΒΟΥ,ΔΥΤΙΚΗΣ ΛΕΣΒΟΥ,2018,,,,
6083,ΔΗΜΟΣ ΔΥΤΙΚΗΣ ΜΑΝΗΣ,ΔΥΤΙΚΗΣ ΜΑΝΗΣ,2018,,,,
100049554,ΔΗΜΟΣ ΔΥΤΙΚΗΣ ΣΑΜΟΥ,ΔΥΤΙΚΗΣ ΣΑΜΟΥ,2018,,,,
6084,ΔΗΜΟΣ ΔΩΔΩΝΗΣ,ΔΩΔΩΝΗΣ,2018,,,,
6085,ΔΗΜΟΣ ΔΩΡΙΔΟΣ,ΔΩΡΙΔΟΣ,2018,,,,
6086,ΔΗΜΟΣ ΕΔΕΣΣΑΣ,ΕΔΕΣΣΑΣ,2018,,,,
6087,ΔΗΜΟΣ ΕΛΑΣΣΟΝΑΣ,ΕΛΑΣΣΟΝΑΣ,2018,,,,
6088,ΔΗΜΟΣ ΕΛΑΦΟΝΗΣΟΥ,ΕΛΑΦΟΝΗΣΟΥ,2018,,,,
6089,ΔΗΜΟΣ ΕΛΕΥΣΙΝΑΣ,ΕΛΕΥΣΙΝΑΣ,2018,,,,
6090,ΔΗΜΟΣ ΕΛΛΗΝΙΚΟΥ - ΑΡΓΥΡΟΥΠΟΛΗΣ,ΕΛΛΗΝΙΚΟΥ-ΑΡΓΥΡΟΥΠΟΛΗΣ,2018,,,,
6091,ΔΗΜΟΣ ΕΜΜΑΝΟΥΗΛ ΠΑΠΠΑ,ΕΜΜΑΝΟΥΗΛ ΠΑΠΠΑ,2018,,,,
6092,ΔΗΜΟΣ ΕΟΡΔΑΙΑΣ,ΕΟΡΔΑΙΑΣ,2018,,,,
6093,ΔΗΜΟΣ ΕΠΙΔΑΥΡΟΥ,ΕΠΙΔΑΥΡΟΥ,2018,,,,
6094,ΔΗΜΟΣ ΕΡΕΤΡΙΑΣ,ΕΡΕΤΡΙΑΣ,2018,,,,
6095,ΔΗΜΟΣ ΕΡΜΙΟΝΙΔΑΣ,ΕΡΜΙΟΝΙΔΑΣ,2018,,,,
6096,ΔΗΜΟΣ ΕΡΥΜΑΝΘΟΥ,ΕΡΥΜΑΝΘΟΥ,2018,,,,
6097,ΔΗΜΟΣ ΕΥΡΩΤΑ,ΕΥΡΩΤΑ,2018,,,,
6098,ΔΗΜΟΣ ΖΑΓΟΡΑΣ - ΜΟΥΡΕΣΙΟΥ,ΖΑΓΟΡΑΣ-ΜΟΥΡΕΣΙΟΥ,2018,,,,
6099,ΔΗΜΟΣ ΖΑΓΟΡΙΟΥ,ΖΑΓΟΡΙΟΥ,2018,,,,
6100,ΔΗΜΟΣ ΖΑΚΥΝΘΟΥ,ΖΑΚΥΝΘΟΥ,2018,,,,
6101,ΔΗΜΟΣ ΖΑΧΑΡΩΣ,ΖΑΧΑΡΩΣ,2018,,,,
6102,ΔΗΜΟΣ ΖΗΡΟΥ,ΖΗΡΟΥ,2018,,,,
6103,ΔΗΜΟΣ ΖΙΤΣΑΣ,ΖΙΤΣΑΣ,2018,,,,
6104,ΔΗΜΟΣ ΖΩΓΡΑΦΟΥ,ΖΩΓΡΑΦΟΥ,2018,,,,
6105,ΔΗΜΟΣ ΗΓΟΥΜΕΝΙΤΣΑΣ,ΗΓΟΥΜΕΝΙΤΣΑΣ,2018,,,,
6106,ΔΗΜΟΣ ΗΛΙΔΑΣ,ΗΛΙΔΑΣ,2018,,,,
6107,ΔΗΜΟΣ ΗΛΙΟΥΠΟΛΗΣ,ΗΛΙΟΥΠΟΛΗΣ,2018,,,,
6108,ΔΗΜΟΣ ΗΡΑΚΛΕΙΑΣ,ΗΡΑΚΛΕΙΑΣ,2018,,,,
6109,ΔΗΜΟΣ ΗΡΑΚΛΕΙΟΥ,ΗΡΑΚΛΕΙΟΥ,2018,,,,
6325,ΔΗΜΟΣ ΗΡΑΚΛΕΙΟΥ (ΚΡΗΤΗΣ),ΗΡΑΚΛΕΙΟΥ (ΚΡΗΤΗΣ),2018,,,,
6110,ΔΗΜΟΣ ΘΑΣΟΥ,ΘΑΣΟΥ,2018,,,,
6111,ΔΗΜΟΣ ΘΕΡΜΑΙΚΟΥ,ΘΕΡΜΑΙΚΟΥ,2018,,,,
6112,ΔΗΜΟΣ ΘΕΡΜΗΣ,ΘΕΡΜΗΣ,2018,,,,
6113,ΔΗΜΟΣ ΘΕΡΜΟΥ,ΘΕΡΜΟΥ,2018,,,,
6114,ΔΗΜΟΣ ΘΕΣΣΑΛΟΝΙΚΗΣ,ΘΕΣΣΑΛΟΝΙΚΗΣ,2018,,,,
6115,ΔΗΜΟΣ ΘΗΒΑΙΩΝ,ΘΗΒΑΙΩΝ,2018,,,,
6116,ΔΗΜΟΣ ΘΗΡΑΣ,ΘΗΡΑΣ,2018,,,,
6117,ΔΗΜΟΣ ΙΑΣΜΟΥ,ΙΑΣΜΟΥ,2018,,,,
6118,ΔΗΜΟΣ ΙΕΡΑΠΕΤΡΑΣ,ΙΕΡΑΠΕΤΡΑΣ,2018,,,,
6119,ΔΗΜΟΣ ΙΕΡΑΣ ΠΟΛΗΣ ΜΕΣΟΛΟΓΓΙΟΥ,ΙΕΡΑΣ ΠΟΛΗΣ ΜΕΣΟΛΟΓΓΙΟΥ,2018,,,,
6120,ΔΗΜΟΣ ΙΗΤΩΝ,ΙΗΤΩΝ,2018,,,,
6121,ΔΗΜΟΣ ΙΘΑΚΗΣ,ΙΘΑΚΗΣ,2018,,,,
6122,ΔΗΜΟΣ ΙΚΑΡΙΑΣ,ΙΚΑΡΙΑΣ,2018,,,,
6123,ΔΗΜΟΣ ΙΛΙΟΥ,ΙΛΙΟΥ,2018,,,,
6124,ΔΗΜΟΣ ΙΣΤΙΑΙΑΣ - ΑΙΔΗΨΟΥ,ΙΣΤΙΑΙΑΣ-ΑΙΔΗΨΟΥ,2018,,,,
6125,ΔΗΜΟΣ ΙΩΑΝΝΙΤΩΝ,ΙΩΑΝΝΙΤΩΝ,2018,,,,
6126,ΔΗΜΟΣ ΚΑΒΑΛΑΣ,ΚΑΒΑΛΑΣ,2018,,,,
6127,ΔΗΜΟΣ ΚΑΙΣΑΡΙΑΝΗΣ,ΚΑΙΣΑΡΙΑΝΗΣ,2018,,,,
6128,ΔΗΜΟΣ ΚΑΛΑΒΡΥΤΩΝ,ΚΑΛΑΒΡΥΤΩΝ,2018,,,,
6129,ΔΗΜΟΣ ΚΑΛΑΜΑΡΙΑΣ,ΚΑΛΑΜΑΡΙΑΣ,2018,,,,
6130,ΔΗΜΟΣ ΚΑΛΑΜΑΤΑΣ,ΚΑΛΑΜΑΤΑΣ,2018,,,,
6131,ΔΗΜΟΣ ΚΑΛΑΜΠΑΚΑΣ,ΚΑΛΑΜΠΑΚΑΣ,2018,,,,
6132,ΔΗΜΟΣ ΚΑΛΛΙΘΕΑΣ,ΚΑΛΛΙΘΕΑΣ,2018,,,,
6133,ΔΗΜΟΣ ΚΑΛΥΜΝΙΩΝ,ΚΑΛΥΜΝΙΩΝ,2018,,,,
6134,ΔΗΜΟΣ ΚΑΝΤΑΝΟΥ - ΣΕΛΙΝΟΥ,ΚΑΝΤΑΝΟΥ-ΣΕΛΙΝΟΥ,2018,,,,
6135,ΔΗΜΟΣ ΚΑΡΔΙΤΣΑΣ,ΚΑΡΔΙΤΣΑΣ,2018,,,,
6136,ΔΗΜΟΣ ΚΑΡΠΑΘΟΥ,ΚΑΡΠΑΘΟΥ,2018,,,,
6137,ΔΗΜΟΣ ΚΑΡΠΕΝΗΣΙΟΥ,ΚΑΡΠΕΝΗΣΙΟΥ,2018,,,,
6138,ΔΗΜΟΣ ΚΑΡΥΣΤΟΥ,ΚΑΡΥΣΤΟΥ,2018,,,,
6139,ΔΗΜΟΣ ΚΑΣΟΥ,ΚΑΣΟΥ,2018,,,,
6140,ΔΗΜΟΣ ΚΑΣΣΑΝΔΡΑΣ,ΚΑΣΣΑΝΔΡΑΣ,2018,,,,
6141,ΔΗΜΟΣ ΚΑΣΤΟΡΙΑΣ,ΚΑΣΤΟΡΙΑΣ,2018,,,,
6142,ΔΗΜΟΣ ΚΑΤΕΡΙΝΗΣ,ΚΑΤΕΡΙΝΗΣ,2018,,,,
6143,ΔΗΜΟΣ ΚΑΤΩ ΝΕΥΡΟΚΟΠΙΟΥ,ΚΑΤΩ ΝΕΥΡΟΚΟΠΙΟΥ,2018,,,,
6144,ΔΗΜΟΣ ΚΕΑΣ,ΚΕΑΣ,2018,,,,
100049209,ΔΗΜΟΣ ΚΕΝΤΡΙΚΗΣ ΚΕΡΚΥΡΑΣ ΚΑΙ ΔΙΑΠΟΝΤΙΩΝ ΝΗΣΩΝ,ΚΕΝΤΡΙΚΗΣ ΚΕΡΚΥΡΑΣ ΚΑΙ ΔΙΑΠΟΝΤΙΩΝ ΝΗΣΩΝ,2018,,,,
6145,ΔΗΜΟΣ ΚΕΝΤΡΙΚΩΝ ΤΖΟΥΜΕΡΚΩΝ,ΚΕΝΤΡΙΚΩΝ ΤΖΟΥΜΕΡΚΩΝ,2018,,,,
6146,ΔΗΜΟΣ ΚΕΡΑΤΣΙΝΙΟΥ - ΔΡΑΠΕΤΣΩΝΑΣ,ΚΕΡΑΤΣΙΝΙΟΥ-ΔΡΑΠΕΤΣΩΝΑΣ,2018,,,,
6147,ΔΗΜΟΣ ΚΕΡΚΥΡΑΣ,ΚΕΡΚΥΡΑΣ,2018,,,,
6148,ΔΗΜΟΣ ΚΕΦΑΛΟΝΙΑΣ,ΚΕΦΑΛΟΝΙΑΣ,2018,,,,
6149,ΔΗΜΟΣ ΚΗΦΙΣΙΑΣ,ΚΗΦΙΣΙΑΣ,2018,,,,
6150,ΔΗΜΟΣ ΚΙΛΕΛΕΡ,ΚΙΛΕΛΕΡ,2018,,,,
6151,ΔΗΜΟΣ ΚΙΛΚΙΣ,ΚΙΛΚΙΣ,2018,,,,
6152,ΔΗΜΟΣ ΚΙΜΩΛΟΥ,ΚΙΜΩΛΟΥ,2018,,,,
6153,ΔΗΜΟΣ ΚΙΣΣΑΜΟΥ,ΚΙΣΣΑΜΟΥ,2018,,,,
6154,ΔΗΜΟΣ ΚΟΖΑΝΗΣ,ΚΟΖΑΝΗΣ,2018,,,,
6155,ΔΗΜΟΣ ΚΟΜΟΤΗΝΗΣ,ΚΟΜΟΤΗΝΗΣ,2018,,,,
6156,ΔΗΜΟΣ ΚΟΝΙΤΣΑΣ,ΚΟΝΙΤΣΑΣ,2018,,,,
6157,ΔΗΜΟΣ ΚΟΡΔΕΛΙΟΥ - ΕΥΟΣΜΟΥ,ΚΟΡΔΕΛΙΟΥ-ΕΥΟΣΜΟΥ,2018,,,,
6158,ΔΗΜΟΣ ΚΟΡΙΝΘΙΩΝ,ΚΟΡΙΝΘΙΩΝ,2018,,,,
6159,ΔΗΜΟΣ ΚΟΡΥΔΑΛΛΟΥ,ΚΟΡΥΔΑΛΛΟΥ,2018,,,,
6160,ΔΗΜΟΣ ΚΡΩΠΙΑΣ,ΚΡΩΠΙΑΣ,2018,,,,
6161,ΔΗΜΟΣ ΚΥΘΗΡΩΝ,ΚΥΘΗΡΩΝ,2018,,,,
6162,ΔΗΜΟΣ ΚΥΘΝΟΥ,ΚΥΘΝΟΥ,2018,,,,
6163,ΔΗΜΟΣ ΚΥΜΗΣ - ΑΛΙΒΕΡΙΟΥ,ΚΥΜΗΣ-ΑΛΙΒΕΡΙΟΥ,2018,,,,
6164,ΔΗΜΟΣ ΚΩ,ΚΩ,2018,,,,
6165,ΔΗΜΟΣ ΛΑΓΚΑΔΑ,ΛΑΓΚΑΔΑ,2018,,,,
6166,ΔΗΜΟΣ ΛΑΜΙΕΩΝ,ΛΑΜΙΕΩΝ,2018,,,,
6167,ΔΗΜΟΣ ΛΑΡΙΣΑΙΩΝ,ΛΑΡΙΣΑΙΩΝ,2018,,,,
6168,ΔΗΜΟΣ ΛΑΥΡΕΩΤΙΚΗΣ,ΛΑΥΡΕΩΤΙΚΗΣ,2018,,,,
6169,ΔΗΜΟΣ ΛΕΒΑΔΕΩΝ,ΛΕΒΑΔΕΩΝ,2018,,,,
6170,ΔΗΜΟΣ ΛΕΙΨΩΝ,ΛΕΙΨΩΝ,2018,,,,
6171,ΔΗΜΟΣ ΛΕΡΟΥ,ΛΕΡΟΥ,2018,,,,
6172,ΔΗΜΟΣ ΛΕΣΒΟΥ,ΛΕΣΒΟΥ,2018,,,,
6173,ΔΗΜΟΣ ΛΕΥΚΑΔΑΣ,ΛΕΥΚΑΔΑΣ,2018,,,,
6174,ΔΗΜΟΣ ΛΗΜΝΟΥ,ΛΗΜΝΟΥ,2018,,,,
100049127,ΔΗΜΟΣ ΛΗΞΟΥΡΙΟΥ,ΛΗΞΟΥΡΙΟΥ,2018,,,,
6175,ΔΗΜΟΣ ΛΙΜΝΗΣ ΠΛΑΣΤΗΡΑ,ΛΙΜΝΗΣ ΠΛΑΣΤΗΡΑ,2018,,,,
6176,ΔΗΜΟΣ ΛΟΚΡΩΝ,ΛΟΚΡΩΝ,2018,,,,
6177,ΔΗΜΟΣ ΛΟΥΤΡΑΚΙΟΥ - ΠΕΡΑΧΩΡΑΣ - ΑΓΙΩΝ ΘΕΟΔΩΡΩΝ,ΛΟΥΤΡΑΚΙΟΥ-ΠΕΡΑΧΩΡΑΣ-ΑΓΙΩΝ ΘΕΟΔΩΡΩΝ,2018,,,,
6178,ΔΗΜΟΣ ΛΥΚΟΒΡΥΣΗΣ - ΠΕΥΚΗΣ,ΛΥΚΟΒΡΥΣΗΣ-ΠΕΥΚΗΣ,2018,,,,
6179,ΔΗΜΟΣ ΜΑΚΡΑΚΩΜΗΣ,ΜΑΚΡΑΚΩΜΗΣ,2018,,,,
6180,ΔΗΜΟΣ ΜΑΛΕΒΙΖΙΟΥ,ΜΑΛΕΒΙΖΙΟΥ,2018,,,,
6181,ΔΗΜΟΣ ΜΑΝΔΡΑΣ - ΕΙΔΥΛΛΙΑΣ,ΜΑΝΔΡΑΣ-ΕΙΔΥΛΛΙΑΣ,2018,,,,
6182,ΔΗΜΟΣ ΜΑΝΤΟΥΔΙΟΥ - ΛΙΜΝΗΣ - ΑΓΙΑΣ ΑΝΝΑΣ,ΜΑΝΤΟΥΔΙΟΥ-ΛΙΜΝΗΣ-ΑΓΙΑΣ ΑΝΝΑΣ,2018,,,,
6183,ΔΗΜΟΣ ΜΑΡΑΘΩΝΟΣ,ΜΑΡΑΘΩΝΟΣ,2018,,,,
6184,ΔΗΜΟΣ ΜΑΡΚΟΠΟΥΛΟΥ ΜΕΣΟΓΑΙΑΣ,ΜΑΡΚΟΠΟΥΛΟΥ ΜΕΣΟΓΑΙΑΣ,2018,,,,
6185,ΔΗΜΟΣ ΜΑΡΩΝΕΙΑΣ - ΣΑΠΩΝ,ΜΑΡΩΝΕΙΑΣ-ΣΑΠΩΝ,2018,,,,
6186,ΔΗΜΟΣ ΜΕΓΑΛΟΠΟΛΗΣ,ΜΕΓΑΛΟΠΟΛΗΣ,2018,,,,
6187,ΔΗΜΟΣ ΜΕΓΑΝΗΣΙΟΥ,ΜΕΓΑΝΗΣΙΟΥ,2018,,,,
6188,ΔΗΜΟΣ ΜΕΓΑΡΕΩΝ,ΜΕΓΑΡΕΩΝ,2018,,,,
6189,ΔΗΜΟΣ ΜΕΓΙΣΤΗΣ,ΜΕΓΙΣΤΗΣ,2018,,,,
6190,ΔΗΜΟΣ ΜΕΣΣΗΝΗΣ,ΜΕΣΣΗΝΗΣ,2018,,,,
6191,ΔΗΜΟΣ ΜΕΤΑΜΟΡΦΩΣΗΣ,ΜΕΤΑΜΟΡΦΩΣΗΣ,2018,,,,
100062933,ΔΗΜΟΣ ΜΕΤΕΩΡΩΝ,ΜΕΤΕΩΡΩΝ,2018,,,,
6192,ΔΗΜΟΣ ΜΕΤΣΟΒΟΥ,ΜΕΤΣΟΒΟΥ,2018,,,,
6193,ΔΗΜΟΣ ΜΗΛΟΥ,ΜΗΛΟΥ,2018,,,,
6194,ΔΗΜΟΣ ΜΙΝΩΑ ΠΕΔΙΑΔΑΣ,ΜΙΝΩΑ ΠΕΔΙΑΔΑΣ,2018,,,,
6196,ΔΗΜΟΣ ΜΟΝΕΜΒΑΣΙΑΣ,ΜΟΝΕΜΒΑΣΙΑΣ,2018,,,,
6197,ΔΗΜΟΣ ΜΟΣΧΑΤΟΥ - ΤΑΥΡΟΥ,ΜΟΣΧΑΤΟΥ-ΤΑΥΡΟΥ,2018,,,,
6198,ΔΗΜΟΣ ΜΟΥΖΑΚΙΟΥ,ΜΟΥΖΑΚΙΟΥ,2018,,,,
6199,ΔΗΜΟΣ ΜΥΚΗΣ,ΜΥΚΗΣ,2018,,,,
6200,ΔΗΜΟΣ ΜΥΚΟΝΟΥ,ΜΥΚΟΝΟΥ,2018,,,,
6201,ΔΗΜΟΣ ΜΥΛΟΠΟΤΑΜΟΥ,ΜΥΛΟΠΟΤΑΜΟΥ,2018,,,,
100049029,ΔΗΜΟΣ ΜΥΤΙΛΗΝΗΣ,ΜΥΤΙΛΗΝΗΣ,2018,,,,
6202,ΔΗΜΟΣ ΜΩΛΟΥ - ΑΓ. ΚΩΝΣΤΑΝΤΙΝΟΥ,ΜΩΛΟΥ-ΑΓ. ΚΩΝΣΤΑΝΤΙΝΟΥ,2018,,,,
6203,ΔΗΜΟΣ ΝΑΞΟΥ & ΜΙΚΡΩΝ ΚΥΚΛΑΔΩΝ,ΝΑΞΟΥ & ΜΙΚΡΩΝ ΚΥΚΛΑΔΩΝ,2018,,,,
6204,ΔΗΜΟΣ ΝΑΟΥΣΑΣ,ΝΑΟΥΣΑΣ,2018,,,,
6205,ΔΗΜΟΣ ΝΑΥΠΑΚΤΙΑΣ,ΝΑΥΠΑΚΤΙΑΣ,2018,,,,
6206,ΔΗΜΟΣ ΝΑΥΠΛΙΕΩΝ,ΝΑΥΠΛΙΕΩΝ,2018,,,,
6207,ΔΗΜΟΣ ΝΕΑΠΟΛΗΣ - ΣΥΚΕΩΝ,ΝΕΑΠΟΛΗΣ-ΣΥΚΕΩΝ,2018,,,,
6208,ΔΗΜΟΣ ΝΕΑΣ ΖΙΧΝΗΣ,ΝΕΑΣ ΖΙΧΝΗΣ,2018,,,,
6209,ΔΗΜΟΣ ΝΕΑΣ ΙΩΝΙΑΣ,ΝΕΑΣ ΙΩΝΙΑΣ,2018,,,,
6210,ΔΗΜΟΣ ΝΕΑΣ ΠΡΟΠΟΝΤΙΔΑΣ,ΝΕΑΣ ΠΡΟΠΟΝΤΙΔΑΣ,2018,,,,
6211,ΔΗΜΟΣ ΝΕΑΣ ΣΜΥΡΝΗΣ,ΝΕΑΣ ΣΜΥΡΝΗΣ,2018,,,,
100035023,ΔΗΜΟΣ  ΝΕΑΣ  ΦΙΛΑΔΕΛΦΕΙΑΣ - ΝΕΑΣ ΧΑΛΚΗΔΟΝΑΣ, ΝΕΑΣ  ΦΙΛΑΔΕΛΦΕΙΑΣ-ΝΕΑΣ ΧΑΛΚΗΔΟΝΑΣ,2018,,,,
6212,ΔΗΜΟΣ ΝΕΜΕΑΣ,ΝΕΜΕΑΣ,2018,,,,
6213,ΔΗΜΟΣ ΝΕΣΤΟΡΙΟΥ,ΝΕΣΤΟΡΙΟΥ,2018,,,,
6214,ΔΗΜΟΣ ΝΕΣΤΟΥ,ΝΕΣΤΟΥ,2018,,,,
6215,ΔΗΜΟΣ ΝΙΚΑΙΑΣ - ΑΓΙΟΥ Ι. ΡΕΝΤΗ,ΝΙΚΑΙΑΣ-ΑΓΙΟΥ Ι. ΡΕΝΤΗ,2018,,,,
6216,ΔΗΜΟΣ ΝΙΚΟΛΑΟΥ ΣΚΟΥΦΑ,ΝΙΚΟΛΑΟΥ ΣΚΟΥΦΑ,2018,,,,
6217,ΔΗΜΟΣ ΝΙΣΥΡΟΥ,ΝΙΣΥΡΟΥ,2018,,,,
100049235,ΔΗΜΟΣ ΝΟΤΙΑΣ ΚΕΡΚΥΡΑΣ,ΝΟΤΙΑΣ ΚΕΡΚΥΡΑΣ,2018,,,,
6218,ΔΗΜΟΣ ΝΟΤΙΑΣ ΚΥΝΟΥΡΙΑΣ,ΝΟΤΙΑΣ ΚΥΝΟΥΡΙΑΣ,2018,,,,
6219,ΔΗΜΟΣ ΝΟΤΙΟΥ ΠΗΛΙΟΥ,ΝΟΤΙΟΥ ΠΗΛΙΟΥ,2018,,,,
6220,ΔΗΜΟΣ ΞΑΝΘΗΣ,ΞΑΝΘΗΣ,2018,,,,
6221,ΔΗΜΟΣ ΞΗΡΟΜΕΡΟΥ,ΞΗΡΟΜΕΡΟΥ,2018,,,,
6222,ΔΗΜΟΣ ΞΥΛΟΚΑΣΤΡΟΥ - ΕΥΡΩΣΤΙΝΗΣ,ΞΥΛΟΚΑΣΤΡΟΥ-ΕΥΡΩΣΤΙΝΗΣ,2018,,,,
6223,ΔΗΜΟΣ ΟΙΝΟΥΣΣΩΝ,ΟΙΝΟΥΣΣΩΝ,2018,,,,
6224,ΔΗΜΟΣ ΟΙΧΑΛΙΑΣ,ΟΙΧΑΛΙΑΣ,2018,,,,
6225,ΔΗΜΟΣ ΟΡΕΣΤΙΑΔΑΣ,ΟΡΕΣΤΙΑΔΑΣ,2018,,,,
6227,ΔΗΜΟΣ ΟΡΟΠΕΔΙΟΥ ΛΑΣΙΘΙΟΥ,ΟΡΟΠΕΔΙΟΥ ΛΑΣΙΘΙΟΥ,2018,,,,
6228,ΔΗΜΟΣ ΟΡΧΟΜΕΝΟΥ,ΟΡΧΟΜΕΝΟΥ,2018,,,,
6229,ΔΗΜΟΣ ΠΑΓΓΑΙΟΥ,ΠΑΓΓΑΙΟΥ,2018,,,,
6230,ΔΗΜΟΣ ΠΑΙΑΝΙΑΣ,ΠΑΙΑΝΙΑΣ,2018,,,,
6231,ΔΗΜΟΣ ΠΑΙΟΝΙΑΣ,ΠΑΙΟΝΙΑΣ,2018,,,,
6232,ΔΗΜΟΣ ΠΑΛΑΙΟΥ ΦΑΛΗΡΟΥ,ΠΑΛΑΙΟΥ ΦΑΛΗΡΟΥ,2018,,,,
6233,ΔΗΜΟΣ ΠΑΛΑΜΑ,ΠΑΛΑΜΑ,2018,,,,
6234,ΔΗΜΟΣ ΠΑΛΛΗΝΗΣ,ΠΑΛΛΗΝΗΣ,2018,,,,
6235,ΔΗΜΟΣ ΠΑΞΩΝ,ΠΑΞΩΝ,2018,,,,
6236,ΔΗΜΟΣ ΠΑΠΑΓΟΥ - ΧΟΛΑΡΓΟΥ,ΠΑΠΑΓΟΥ-ΧΟΛΑΡΓΟΥ,2018,,,,
6237,ΔΗΜΟΣ ΠΑΡΑΝΕΣΤΙΟΥ,ΠΑΡΑΝΕΣΤΙΟΥ,2018,,,,
6238,ΔΗΜΟΣ ΠΑΡΓΑΣ,ΠΑΡΓΑΣ,2018,,,,
6239,ΔΗΜΟΣ ΠΑΡΟΥ,ΠΑΡΟΥ,2018,,,,
6240,ΔΗΜΟΣ ΠΑΤΜΟΥ,ΠΑΤΜΟΥ,2018,,,,
6241,ΔΗΜΟΣ ΠΑΤΡΕΩΝ,ΠΑΤΡΕΩΝ,2018,,,,
6242,ΔΗΜΟΣ ΠΑΥΛΟΥ ΜΕΛΑ,ΠΑΥΛΟΥ ΜΕΛΑ,2018,,,,
6243,ΔΗΜΟΣ ΠΕΙΡΑΙΩΣ,ΠΕΙΡΑΙΩΣ,2018,,,,
6244,ΔΗΜΟΣ ΠΕΛΛΑΣ,ΠΕΛΛΑΣ,2018,,,,
6245,ΔΗΜΟΣ ΠΕΝΤΕΛΗΣ,ΠΕΝΤΕΛΗΣ,2018,,,,
6246,ΔΗΜΟΣ ΠΕΡΑΜΑΤΟΣ,ΠΕΡΑΜΑΤΟΣ,2018,,,,
6247,ΔΗΜΟΣ ΠΕΡΙΣΤΕΡΙΟΥ,ΠΕΡΙΣΤΕΡΙΟΥ,2018,,,,
6248,ΔΗΜΟΣ ΠΕΤΡΟΥΠΟΛΗΣ,ΠΕΤΡΟΥΠΟΛΗΣ,2018,,,,
6249,ΔΗΜΟΣ ΠΗΝΕΙΟΥ,ΠΗΝΕΙΟΥ,2018,,,,
6250,ΔΗΜΟΣ ΠΛΑΤΑΝΙΑ,ΠΛΑΤΑΝΙΑ,2018,,,,
6251,ΔΗΜΟΣ ΠΟΛΥΓΥΡΟΥ,ΠΟΛΥΓΥΡΟΥ,2018,,,,
6252,ΔΗΜΟΣ ΠΟΡΟΥ,ΠΟΡΟΥ,2018,,,,
6253,ΔΗΜΟΣ ΠΡΕΒΕΖΑΣ,ΠΡΕΒΕΖΑΣ,2018,,,,
6254,ΔΗΜΟΣ ΠΡΕΣΠΩΝ,ΠΡΕΣΠΩΝ,2018,,,,
6255,ΔΗΜΟΣ ΠΡΟΣΟΤΣΑΝΗΣ,ΠΡΟΣΟΤΣΑΝΗΣ,2018,,,,
6256,ΔΗΜΟΣ ΠΥΔΝΑΣ - ΚΟΛΙΝΔΡΟΥ,ΠΥΔΝΑΣ-ΚΟΛΙΝΔΡΟΥ,2018,,,,
6257,ΔΗΜΟΣ ΠΥΛΑΙΑΣ - ΧΟΡΤΙΑΤΗ,ΠΥΛΑΙΑΣ-ΧΟΡΤΙΑΤΗ,2018,,,,
6258,ΔΗΜΟΣ ΠΥΛΗΣ,ΠΥΛΗΣ,2018,,,,
6259,ΔΗΜΟΣ ΠΥΛΟΥ - ΝΕΣΤΟΡΟΣ,ΠΥΛΟΥ-ΝΕΣΤΟΡΟΣ,2018,,,,
6260,ΔΗΜΟΣ ΠΥΡΓΟΥ,ΠΥΡΓΟΥ,2018,,,,
6261,ΔΗΜΟΣ ΠΩΓΩΝΙΟΥ,ΠΩΓΩΝΙΟΥ,2018,,,,
6262,ΔΗΜΟΣ ΡΑΦΗΝΑΣ - ΠΙΚΕΡΜΙΟΥ,ΡΑΦΗΝΑΣ-ΠΙΚΕΡΜΙΟΥ,2018,,,,
6263,ΔΗΜΟΣ ΡΕΘΥΜΝΗΣ,ΡΕΘΥΜΝΗΣ,2018,,,,
6264,ΔΗΜΟΣ ΡΗΓΑ ΦΕΡΑΙΟΥ,ΡΗΓΑ ΦΕΡΑΙΟΥ,2018,,,,
6265,ΔΗΜΟΣ ΡΟΔΟΥ,ΡΟΔΟΥ,2018,,,,
6266,ΔΗΜΟΣ ΣΑΛΑΜΙΝΑΣ,ΣΑΛΑΜΙΝΑΣ,2018,,,,
100049133,ΔΗΜΟΣ ΣΑΜΗΣ,ΣΑΜΗΣ,2018,,,,
6267,ΔΗΜΟΣ ΣΑΜΟΘΡΑΚΗΣ,ΣΑΜΟΘΡΑΚΗΣ,2018,,,,
6268,ΔΗΜΟΣ ΣΑΜΟΥ,ΣΑΜΟΥ,2018,,,,
6269,ΔΗΜΟΣ ΣΑΡΩΝΙΚΟΥ,ΣΑΡΩΝΙΚΟΥ,2018,,,,
100048870,ΔΗΜΟΣ ΣΕΡΒΙΩΝ,ΣΕΡΒΙΩΝ,2018,,,,
6270,ΔΗΜΟΣ ΣΕΡΒΙΩΝ - ΒΕΛΒΕΝΤΟΥ,ΣΕΡΒΙΩΝ-ΒΕΛΒΕΝΤΟΥ,2018,,,,
6271,ΔΗΜΟΣ ΣΕΡΙΦΟΥ,ΣΕΡΙΦΟΥ,2018,,,,
6272,ΔΗΜΟΣ ΣΕΡΡΩΝ,ΣΕΡΡΩΝ,2018,,,,
6273,ΔΗΜΟΣ ΣΗΤΕΙΑΣ,ΣΗΤΕΙΑΣ,2018,,,,
6274,ΔΗΜΟΣ ΣΙΘΩΝΙΑΣ,ΣΙΘΩΝΙΑΣ,2018,,,,
6275,ΔΗΜΟΣ ΣΙΚΙΝΟΥ,ΣΙΚΙΝΟΥ,2018,,,,
6276,ΔΗΜΟΣ ΣΙΚΥΩΝΙΩΝ,ΣΙΚΥΩΝΙΩΝ,2018,,,,
6277,ΔΗΜΟΣ ΣΙΝΤΙΚΗΣ,ΣΙΝΤΙΚΗΣ,2018,,,,
6278,ΔΗΜΟΣ ΣΙΦΝΟΥ,ΣΙΦΝΟΥ,2018,,,,
6279,ΔΗΜΟΣ ΣΚΙΑΘΟΥ,ΣΚΙΑΘΟΥ,2018,,,,
6280,ΔΗΜΟΣ ΣΚΟΠΕΛΟΥ,ΣΚΟΠΕΛΟΥ,2018,,,,
6281,ΔΗΜΟΣ ΣΚΥΔΡΑΣ,ΣΚΥΔΡΑΣ,2018,,,,
6282,ΔΗΜΟΣ ΣΚΥΡΟΥ,ΣΚΥΡΟΥ,2018,,,,
6283,ΔΗΜΟΣ ΣΟΥΛΙΟΥ,ΣΟΥΛΙΟΥ,2018,,,,
6284,ΔΗΜΟΣ ΣΟΥΦΛΙΟΥ,ΣΟΥΦΛΙΟΥ,2018,,,,
6285,ΔΗΜΟΣ ΣΟΦΑΔΩΝ,ΣΟΦΑΔΩΝ,2018,,,,
6286,ΔΗΜΟΣ ΣΠΑΡΤΗΣ,ΣΠΑΡΤΗΣ,2018,,,,
6287,ΔΗΜΟΣ ΣΠΑΤΩΝ - ΑΡΤΕΜΙΔΟΣ,ΣΠΑΤΩΝ-ΑΡΤΕΜΙΔΟΣ,2018,,,,
6288,ΔΗΜΟΣ ΣΠΕΤΣΩΝ,ΣΠΕΤΣΩΝ,2018,,,,
6289,ΔΗΜΟΣ ΣΤΥΛΙΔΑΣ,ΣΤΥΛΙΔΑΣ,2018,,,,
6290,ΔΗΜΟΣ ΣΥΜΗΣ,ΣΥΜΗΣ,2018,,,,
6291,ΔΗΜΟΣ ΣΥΡΟΥ - ΕΡΜΟΥΠΟΛΗΣ,ΣΥΡΟΥ-ΕΡΜΟΥΠΟΛΗΣ,2018,,,,
6292,ΔΗΜΟΣ ΣΦΑΚΙΩΝ,ΣΦΑΚΙΩΝ,2018,,,,
6293,ΔΗΜΟΣ ΤΑΝΑΓΡΑΣ,ΤΑΝΑΓΡΑΣ,2018,,,,
6294,ΔΗΜΟΣ ΤΕΜΠΩΝ,ΤΕΜΠΩΝ,2018,,,,
6295,ΔΗΜΟΣ ΤΗΛΟΥ,ΤΗΛΟΥ,2018,,,,
6296,ΔΗΜΟΣ ΤΗΝΟΥ,ΤΗΝΟΥ,2018,,,,
6297,ΔΗΜΟΣ ΤΟΠΕΙΡΟΥ,ΤΟΠΕΙΡΟΥ,2018,,,,
6298,ΔΗΜΟΣ ΤΡΙΚΚΑΙΩΝ,ΤΡΙΚΚΑΙΩΝ,2018,,,,
6299,ΔΗΜΟΣ ΤΡΙΠΟΛΗΣ,ΤΡΙΠΟΛΗΣ,2018,,,,
6300,ΔΗΜΟΣ ΤΡΙΦΥΛΙΑΣ,ΤΡΙΦΥΛΙΑΣ,2018,,,,
6301,ΔΗΜΟΣ ΤΡΟΙΖΗΝΙΑΣ - ΜΕΘΑΝΩΝ,ΤΡΟΙΖΗΝΙΑΣ-ΜΕΘΑΝΩΝ,2018,,,,
6302,ΔΗΜΟΣ ΤΥΡΝΑΒΟΥ,ΤΥΡΝΑΒΟΥ,2018,,,,
6303,ΔΗΜΟΣ ΥΔΡΑΣ,ΥΔΡΑΣ,2018,,,,
6304,ΔΗΜΟΣ ΦΑΙΣΤΟΥ,ΦΑΙΣΤΟΥ,2018,,,,
6305,ΔΗΜΟΣ ΦΑΡΚΑΔΟΝΑΣ,ΦΑΡΚΑΔΟΝΑΣ,2018,,,,
6306,ΔΗΜΟΣ ΦΑΡΣΑΛΩΝ,ΦΑΡΣΑΛΩΝ,2018,,,,
6307,ΔΗΜΟΣ ΦΙΛΑΔΕΛΦΕΙΑΣ - ΧΑΛΚΗΔΟΝΟΣ,ΦΙΛΑΔΕΛΦΕΙΑΣ-ΧΑΛΚΗΔΟΝΟΣ,2018,,,,
6308,ΔΗΜΟΣ ΦΙΛΙΑΤΩΝ,ΦΙΛΙΑΤΩΝ,2018,,,,
6322,ΔΗΜΟΣ ΦΙΛΟΘΕΗΣ - ΨΥΧΙΚΟΥ,ΦΙΛΟΘΕΗΣ-ΨΥΧΙΚΟΥ,2018,,,,
6309,ΔΗΜΟΣ ΦΛΩΡΙΝΑΣ,ΦΛΩΡΙΝΑΣ,2018,,,,
6310,ΔΗΜΟΣ ΦΟΛΕΓΑΝΔΡΟΥ,ΦΟΛΕΓΑΝΔΡΟΥ,2018,,,,
6311,ΔΗΜΟΣ ΦΟΥΡΝΩΝ ΚΟΡΣΕΩΝ,ΦΟΥΡΝΩΝ ΚΟΡΣΕΩΝ,2018,,,,
6312,ΔΗΜΟΣ ΦΥΛΗΣ,ΦΥΛΗΣ,2018,,,,
6313,ΔΗΜΟΣ ΧΑΙΔΑΡΙΟΥ,ΧΑΙΔΑΡΙΟΥ,2018,,,,
6314,ΔΗΜΟΣ ΧΑΛΑΝΔΡΙΟΥ,ΧΑΛΑΝΔΡΙΟΥ,2018,,,,
6315,ΔΗΜΟΣ ΧΑΛΚΗΔΟΝΟΣ,ΧΑΛΚΗΔΟΝΟΣ,2018,,,,
6316,ΔΗΜΟΣ ΧΑΛΚΗΣ,ΧΑΛΚΗΣ,2018,,,,
6317,ΔΗΜΟΣ ΧΑΛΚΙΔΕΩΝ,ΧΑΛΚΙΔΕΩΝ,2018,,,,
6318,ΔΗΜΟΣ ΧΑΝΙΩΝ,ΧΑΝΙΩΝ,2018,,,,
6319,ΔΗΜΟΣ ΧΕΡΣΟΝΗΣΟΥ,ΧΕΡΣΟΝΗΣΟΥ,2018,,,,
6320,ΔΗΜΟΣ ΧΙΟΥ,ΧΙΟΥ,2018,,,,
6321,ΔΗΜΟΣ ΨΑΡΩΝ,ΨΑΡΩΝ,2018,,,,
6323,ΔΗΜΟΣ ΩΡΑΙΟΚΑΣΤΡΟΥ,ΩΡΑΙΟΚΑΣΤΡΟΥ,2018,,,,
6324,ΔΗΜΟΣ ΩΡΩΠΟΥ,ΩΡΩΠΟΥ,2018,,,,
100072229,ΕΝΕΡΓΕΙΑΚΗ ΚΟΙΝΟΤΗΤΑ ΑΓΡΙΝΙΟΥ ΣΥΝ ΠΕ,ΕΝΕΡΓΕΙΑΚΗ ΚΟΙΝΟΤΗΤΑ ΑΓΡΙΝΙΟΥ ΣΥΝ ΠΕ,2018,,,,
100059751,ΙΔΙΟΜΟΡΦΗ ΔΗΜΟΤΙΚΗ ΕΠΙΧΕΙΡΗΣΗ ΡΑΔΙΟΦΩΝΙΑΣ ΔΗΜΟΥ ΦΕΡΩΝ,ΙΔΙΟΜΟΡΦΗ ΕΠΙΧΕΙΡΗΣΗ ΡΑΔΙΟΦΩΝΙΑΣ ΦΕΡΩΝ,2018,,,,